sec,title,url
sg_1,Short title and commencement,sso.agc.gov.sg/Act/PDPA2012#pr1-
sg_2,Interpretation,sso.agc.gov.sg/Act/PDPA2012#pr2-
sg_3,Purpose,sso.agc.gov.sg/Act/PDPA2012#pr3-
sg_4,Application of Act,sso.agc.gov.sg/Act/PDPA2012#pr4-
sg_5,Personal Data Protection Commission,sso.agc.gov.sg/Act/PDPA2012#pr5-
sg_6,Functions of Commission,sso.agc.gov.sg/Act/PDPA2012#pr6-
sg_7,Advisory committees,sso.agc.gov.sg/Act/PDPA2012#pr7-
sg_8,Delegation,sso.agc.gov.sg/Act/PDPA2012#pr8-
sg_9,Conduct of proceedings,sso.agc.gov.sg/Act/PDPA2012#pr9-
sg_10,Co-operation agreements,sso.agc.gov.sg/Act/PDPA2012#pr10-
sg_11,Compliance with Act,sso.agc.gov.sg/Act/PDPA2012#pr11-
sg_12,Policies and practices,sso.agc.gov.sg/Act/PDPA2012#pr12-
sg_13,Consent required,sso.agc.gov.sg/Act/PDPA2012#pr13-
sg_14,Provision of consent,sso.agc.gov.sg/Act/PDPA2012#pr14-
sg_15,Deemed consent,sso.agc.gov.sg/Act/PDPA2012#pr15-
sg_15A,Deemed consent by notification,sso.agc.gov.sg/Act/PDPA2012#pr15A-
sg_16,Withdrawal of consent,sso.agc.gov.sg/Act/PDPA2012#pr16-
sg_17,"Collection, use and disclosure without consent",sso.agc.gov.sg/Act/PDPA2012#pr17-
sg_18,Limitation of purpose and extent,sso.agc.gov.sg/Act/PDPA2012#pr18-
sg_19,Personal data collected before appointed day,sso.agc.gov.sg/Act/PDPA2012#pr19-
sg_20,Notification of purpose,sso.agc.gov.sg/Act/PDPA2012#pr20-
sg_21,Access to personal data,sso.agc.gov.sg/Act/PDPA2012#pr21-
sg_22,Correction of personal data,sso.agc.gov.sg/Act/PDPA2012#pr22-
sg_22A,Preservation of copies of personal data,sso.agc.gov.sg/Act/PDPA2012#pr22A-
sg_23,Accuracy of personal data,sso.agc.gov.sg/Act/PDPA2012#pr23-
sg_24,Protection of personal data,sso.agc.gov.sg/Act/PDPA2012#pr24-
sg_25,Retention of personal data,sso.agc.gov.sg/Act/PDPA2012#pr25-
sg_26,Transfer of personal data outside Singapore,sso.agc.gov.sg/Act/PDPA2012#pr26-
sg_26A,Interpretation of this Part,sso.agc.gov.sg/Act/PDPA2012#pr26A-
sg_26B,Notifiable data breaches,sso.agc.gov.sg/Act/PDPA2012#pr26B-
sg_26C,Duty to conduct assessment of data breach,sso.agc.gov.sg/Act/PDPA2012#pr26C-
sg_26D,Duty to notify occurrence of notifiable data breach,sso.agc.gov.sg/Act/PDPA2012#pr26D-
sg_26E,Obligations of data intermediary of public agency,sso.agc.gov.sg/Act/PDPA2012#pr26E-
sg_36,Interpretation of this Part,sso.agc.gov.sg/Act/PDPA2012#pr36-
sg_37,Meaning of “specified message”,sso.agc.gov.sg/Act/PDPA2012#pr37-
sg_38,Application of this Part,sso.agc.gov.sg/Act/PDPA2012#pr38-
sg_39,Register,sso.agc.gov.sg/Act/PDPA2012#pr39-
sg_40,Applications,sso.agc.gov.sg/Act/PDPA2012#pr40-
sg_41,Evidence,sso.agc.gov.sg/Act/PDPA2012#pr41-
sg_42,Information on terminated Singapore telephone number,sso.agc.gov.sg/Act/PDPA2012#pr42-
sg_43,Duty to check register,sso.agc.gov.sg/Act/PDPA2012#pr43-
sg_43A,Duty of checkers,sso.agc.gov.sg/Act/PDPA2012#pr43A-
sg_44,Contact information,sso.agc.gov.sg/Act/PDPA2012#pr44-
sg_45,Calling line identity not to be concealed,sso.agc.gov.sg/Act/PDPA2012#pr45-
sg_46,Consent,sso.agc.gov.sg/Act/PDPA2012#pr46-
sg_47,Withdrawal of consent,sso.agc.gov.sg/Act/PDPA2012#pr47-
sg_48,Defence for employee,sso.agc.gov.sg/Act/PDPA2012#pr48-
sg_48A,Interpretation of this Part,sso.agc.gov.sg/Act/PDPA2012#pr48A-
sg_48B,Prohibition on use of dictionary attacks and address-harvesting software,sso.agc.gov.sg/Act/PDPA2012#pr48B-
sg_48C,Interpretation and application of this Part,sso.agc.gov.sg/Act/PDPA2012#pr48C-
sg_48D,Unauthorised disclosure of personal data,sso.agc.gov.sg/Act/PDPA2012#pr48D-
sg_48E,Improper use of personal data,sso.agc.gov.sg/Act/PDPA2012#pr48E-
sg_48F,Unauthorised re-identification of anonymised information,sso.agc.gov.sg/Act/PDPA2012#pr48F-
sg_48G,Alternative dispute resolution,sso.agc.gov.sg/Act/PDPA2012#pr48G-
sg_48H,Power to review,sso.agc.gov.sg/Act/PDPA2012#pr48H-
sg_48I,Directions for non-compliance,sso.agc.gov.sg/Act/PDPA2012#pr48I-
sg_48J,Financial penalties,sso.agc.gov.sg/Act/PDPA2012#pr48J-
sg_48K,Procedure for giving of directions and imposing of financial penalty,sso.agc.gov.sg/Act/PDPA2012#pr48K-
sg_48L,Voluntary undertakings,sso.agc.gov.sg/Act/PDPA2012#pr48L-
sg_48M,Enforcement of directions of or written notices by Commission in District Court,sso.agc.gov.sg/Act/PDPA2012#pr48M-
sg_48N,Reconsideration of directions or decisions,sso.agc.gov.sg/Act/PDPA2012#pr48N-
sg_48O,Right of private action,sso.agc.gov.sg/Act/PDPA2012#pr48O-
sg_48P,Data Protection Appeal Panel and Data Protection Appeal Committees,sso.agc.gov.sg/Act/PDPA2012#pr48P-
sg_48Q,Appeal from direction or decision of Commission,sso.agc.gov.sg/Act/PDPA2012#pr48Q-
sg_48R,"Appeals to General Division of High Court, etc.",sso.agc.gov.sg/Act/PDPA2012#pr48R-
sg_49,Advisory guidelines,sso.agc.gov.sg/Act/PDPA2012#pr49-
sg_50,Powers of investigation,sso.agc.gov.sg/Act/PDPA2012#pr50-
sg_51,Offences and penalties,sso.agc.gov.sg/Act/PDPA2012#pr51-
sg_52,Offences by corporations,sso.agc.gov.sg/Act/PDPA2012#pr52-
sg_52A,Offences by unincorporated associations or partnerships,sso.agc.gov.sg/Act/PDPA2012#pr52A-
sg_53,Liability of employers for acts of employees,sso.agc.gov.sg/Act/PDPA2012#pr53-
sg_54,Jurisdiction of court,sso.agc.gov.sg/Act/PDPA2012#pr54-
sg_55,Composition of offences,sso.agc.gov.sg/Act/PDPA2012#pr55-
sg_56,General penalties,sso.agc.gov.sg/Act/PDPA2012#pr56-
sg_57,Public servants and public officers,sso.agc.gov.sg/Act/PDPA2012#pr57-
sg_58,Evidence in proceedings,sso.agc.gov.sg/Act/PDPA2012#pr58-
sg_59,Preservation of secrecy,sso.agc.gov.sg/Act/PDPA2012#pr59-
sg_60,Protection from personal liability,sso.agc.gov.sg/Act/PDPA2012#pr60-
sg_61,Symbol of Commission,sso.agc.gov.sg/Act/PDPA2012#pr61-
sg_62,Power to exempt,sso.agc.gov.sg/Act/PDPA2012#pr62-
sg_63,Certificate as to national interest,sso.agc.gov.sg/Act/PDPA2012#pr63-
sg_64,Amendment of Schedules,sso.agc.gov.sg/Act/PDPA2012#pr64-
sg_65,Power to make regulations,sso.agc.gov.sg/Act/PDPA2012#pr65-
sg_66,Rules of Court,sso.agc.gov.sg/Act/PDPA2012#pr66-
sg_67,Saving and transitional provisions,sso.agc.gov.sg/Act/PDPA2012#pr67-
sg_68,Dissolution,sso.agc.gov.sg/Act/PDPA2012#pr68-
eu_1,Subject-matter and objectives,gdpr.eu/article-1
eu_2,Material scope,gdpr.eu/article-2
eu_3,Territorial scope,gdpr.eu/article-3
eu_4,Definitions,gdpr.eu/article-4
eu_5,Principles relating to processing of personal data,gdpr.eu/article-5
eu_6,Lawfulness of processing,gdpr.eu/article-6
eu_7,Conditions for consent,gdpr.eu/article-7
eu_8,Conditions applicable to child's consent in relation to information society services,gdpr.eu/article-8
eu_9,Processing of special categories of personal data,gdpr.eu/article-9
eu_10,Processing of personal data relating to criminal convictions and offences,gdpr.eu/article-10
eu_11,Processing which does not require identification,gdpr.eu/article-11
eu_12,"Transparent information, communication and modalities for the exercise of the rights of the data subject",gdpr.eu/article-12
eu_13,Information to be provided where personal data are collected from the data subject,gdpr.eu/article-13
eu_14,Information to be provided where personal data have not been obtained from the data subject,gdpr.eu/article-14
eu_15,Right of access by the data subject,gdpr.eu/article-15
eu_16,Right to rectification,gdpr.eu/article-16
eu_17,Right to erasure (‘right to be forgotten’),gdpr.eu/article-17
eu_18,Right to restriction of processing,gdpr.eu/article-18
eu_19,Notification obligation regarding rectification or erasure of personal data or restriction of processing,gdpr.eu/article-19
eu_20,Right to data portability,gdpr.eu/article-20
eu_21,Right to object,gdpr.eu/article-21
eu_22,"Automated individual decision-making, including profiling",gdpr.eu/article-22
eu_23,Restrictions,gdpr.eu/article-23
eu_24,Responsibility of the controller,gdpr.eu/article-24
eu_25,Data protection by design and by default,gdpr.eu/article-25
eu_26,Joint controllers,gdpr.eu/article-26
eu_27,Representatives of controllers or processors not established in the Union,gdpr.eu/article-27
eu_28,Processor,gdpr.eu/article-28
eu_29,Processing under the authority of the controller or processor,gdpr.eu/article-29
eu_30,Records of processing activities,gdpr.eu/article-30
eu_31,Cooperation with the supervisory authority,gdpr.eu/article-31
eu_32,Security of processing,gdpr.eu/article-32
eu_33,Notification of a personal data breach to the supervisory authority,gdpr.eu/article-33
eu_34,Communication of a personal data breach to the data subject,gdpr.eu/article-34
eu_35,Data protection impact assessment,gdpr.eu/article-35
eu_36,Prior consultation,gdpr.eu/article-36
eu_37,Designation of the data protection officer,gdpr.eu/article-37
eu_38,Position of the data protection officer,gdpr.eu/article-38
eu_39,Tasks of the data protection officer,gdpr.eu/article-39
eu_40,Codes of conduct,gdpr.eu/article-40
eu_41,Monitoring of approved codes of conduct,gdpr.eu/article-41
eu_42,Certification,gdpr.eu/article-42
eu_43,Certification bodies,gdpr.eu/article-43
eu_44,General principle for transfers,gdpr.eu/article-44
eu_45,Transfers on the basis of an adequacy decision,gdpr.eu/article-45
eu_46,Transfers subject to appropriate safeguards,gdpr.eu/article-46
eu_47,Binding corporate rules,gdpr.eu/article-47
eu_48,Transfers or disclosures not authorised by Union law,gdpr.eu/article-48
eu_49,Derogations for specific situations,gdpr.eu/article-49
eu_50,International cooperation for the protection of personal data,gdpr.eu/article-50
eu_51,Supervisory authority,gdpr.eu/article-51
eu_52,Independence,gdpr.eu/article-52
eu_53,General conditions for the members of the supervisory authority,gdpr.eu/article-53
eu_54,Rules on the establishment of the supervisory authority,gdpr.eu/article-54
eu_55,Competence,gdpr.eu/article-55
eu_56,Competence of the lead supervisory authority,gdpr.eu/article-56
eu_57,Tasks,gdpr.eu/article-57
eu_58,Powers,gdpr.eu/article-58
eu_59,Activity reports,gdpr.eu/article-59
eu_60,Cooperation between the lead supervisory authority and the other supervisory authorities concerned,gdpr.eu/article-60
eu_61,Mutual assistance,gdpr.eu/article-61
eu_62,Joint operations of supervisory authorities,gdpr.eu/article-62
eu_63,Consistency mechanism,gdpr.eu/article-63
eu_64,Opinion of the Board,gdpr.eu/article-64
eu_65,Dispute resolution by the Board,gdpr.eu/article-65
eu_66,Urgency procedure,gdpr.eu/article-66
eu_67,Exchange of information,gdpr.eu/article-67
eu_68,European Data Protection Board,gdpr.eu/article-68
eu_69,Independence,gdpr.eu/article-69
eu_70,Tasks of the Board,gdpr.eu/article-70
eu_71,Reports,gdpr.eu/article-71
eu_72,Procedure,gdpr.eu/article-72
eu_73,Chair,gdpr.eu/article-73
eu_74,Tasks of the Chair,gdpr.eu/article-74
eu_75,Secretariat,gdpr.eu/article-75
eu_76,Confidentiality,gdpr.eu/article-76
eu_77,Right to lodge a complaint with a supervisory authority,gdpr.eu/article-77
eu_78,Right to an effective judicial remedy against a supervisory authority,gdpr.eu/article-78
eu_79,Right to an effective judicial remedy against a controller or processor,gdpr.eu/article-79
eu_80,Representation of data subjects,gdpr.eu/article-80
eu_81,Suspension of proceedings,gdpr.eu/article-81
eu_82,Right to compensation and liability,gdpr.eu/article-82
eu_83,General conditions for imposing administrative fines,gdpr.eu/article-83
eu_84,Penalties,gdpr.eu/article-84
eu_85,Processing and freedom of expression and information,gdpr.eu/article-85
eu_86,Processing and public access to official documents,gdpr.eu/article-86
eu_87,Processing of the national identification number,gdpr.eu/article-87
eu_88,Processing in the context of employment,gdpr.eu/article-88
eu_89,"Safeguards and derogations relating to processing for archiving purposes in the public interest, scientific or historical research purposes or statistical purposes",gdpr.eu/article-89
eu_90,Obligations of secrecy,gdpr.eu/article-90
eu_91,Existing data protection rules of churches and religious associations,gdpr.eu/article-91
eu_92,Exercise of the delegation,gdpr.eu/article-92
eu_93,Committee procedure,gdpr.eu/article-93
eu_94,Repeal of Directive 95/46/EC,gdpr.eu/article-94
eu_95,Relationship with Directive 2002/58/EC,gdpr.eu/article-95
eu_96,Relationship with previously concluded Agreements,gdpr.eu/article-96
eu_97,Commission reports,gdpr.eu/article-97
eu_98,Review of other Union legal acts on data protection,gdpr.eu/article-98
