sec,title,url
sg_1,Short title,sso.agc.gov.sg/Act/TMA1998#pr1-
sg_2,Interpretation,sso.agc.gov.sg/Act/TMA1998#pr2-
sg_3,"Meaning of infringing goods, material or articles and counterfeit goods or trade mark",sso.agc.gov.sg/Act/TMA1998#pr3-
sg_4,Registered trade marks,sso.agc.gov.sg/Act/TMA1998#pr4-
sg_5,Application for registration,sso.agc.gov.sg/Act/TMA1998#pr5-
sg_5A,Division of application for registration,sso.agc.gov.sg/Act/TMA1998#pr5A-
sg_6,Classification of goods and services,sso.agc.gov.sg/Act/TMA1998#pr6-
sg_7,Absolute grounds for refusal of registration,sso.agc.gov.sg/Act/TMA1998#pr7-
sg_8,Relative grounds for refusal of registration,sso.agc.gov.sg/Act/TMA1998#pr8-
sg_9,Raising of relative grounds in case of honest concurrent use,sso.agc.gov.sg/Act/TMA1998#pr9-
sg_10,Claim to priority of Convention application,sso.agc.gov.sg/Act/TMA1998#pr10-
sg_11,Claim to priority from other relevant overseas application,sso.agc.gov.sg/Act/TMA1998#pr11-
sg_12,Examination of application,sso.agc.gov.sg/Act/TMA1998#pr12-
sg_13,Publication and opposition proceedings,sso.agc.gov.sg/Act/TMA1998#pr13-
sg_14,"Withdrawal, restriction or amendment of application",sso.agc.gov.sg/Act/TMA1998#pr14-
sg_15,Registration,sso.agc.gov.sg/Act/TMA1998#pr15-
sg_16,Revocation of acceptance,sso.agc.gov.sg/Act/TMA1998#pr16-
sg_17,Registration of series of trade marks,sso.agc.gov.sg/Act/TMA1998#pr17-
sg_18,Duration of registration,sso.agc.gov.sg/Act/TMA1998#pr18-
sg_19,Renewal of registration,sso.agc.gov.sg/Act/TMA1998#pr19-
sg_20,Alteration of registered trade mark,sso.agc.gov.sg/Act/TMA1998#pr20-
sg_21,Cancellation of registered trade mark,sso.agc.gov.sg/Act/TMA1998#pr21-
sg_22,Revocation of registration,sso.agc.gov.sg/Act/TMA1998#pr22-
sg_23,Grounds for invalidity of registration,sso.agc.gov.sg/Act/TMA1998#pr23-
sg_24,Effect of acquiescence,sso.agc.gov.sg/Act/TMA1998#pr24-
sg_25,Amendment of other documents,sso.agc.gov.sg/Act/TMA1998#pr25-
sg_26,Rights conferred by registered trade mark,sso.agc.gov.sg/Act/TMA1998#pr26-
sg_27,Acts amounting to infringement of registered trade mark,sso.agc.gov.sg/Act/TMA1998#pr27-
sg_28,Acts not amounting to infringement,sso.agc.gov.sg/Act/TMA1998#pr28-
sg_29,Exhaustion of rights conferred by registered trade mark,sso.agc.gov.sg/Act/TMA1998#pr29-
sg_30,Registration subject to disclaimer or limitation,sso.agc.gov.sg/Act/TMA1998#pr30-
sg_31,Action for infringement,sso.agc.gov.sg/Act/TMA1998#pr31-
sg_32,"Order for erasure, etc., of offending sign",sso.agc.gov.sg/Act/TMA1998#pr32-
sg_33,"Order for delivery up of infringing goods, material or articles",sso.agc.gov.sg/Act/TMA1998#pr33-
sg_34,"Order as to disposal of infringing goods, material or articles",sso.agc.gov.sg/Act/TMA1998#pr34-
sg_35,Remedy for groundless threats of infringement proceedings,sso.agc.gov.sg/Act/TMA1998#pr35-
sg_36,Nature of registered trade mark,sso.agc.gov.sg/Act/TMA1998#pr36-
sg_37,Co-ownership of registered trade mark,sso.agc.gov.sg/Act/TMA1998#pr37-
sg_38,"Assignment, etc., of registered trade mark",sso.agc.gov.sg/Act/TMA1998#pr38-
sg_39,Registration of transactions affecting registered trade mark,sso.agc.gov.sg/Act/TMA1998#pr39-
sg_40,Trusts and equities,sso.agc.gov.sg/Act/TMA1998#pr40-
sg_41,Application for registration of trade mark as object of property,sso.agc.gov.sg/Act/TMA1998#pr41-
sg_42,Licensing of registered trade mark,sso.agc.gov.sg/Act/TMA1998#pr42-
sg_43,Exclusive licences,sso.agc.gov.sg/Act/TMA1998#pr43-
sg_44,General provisions as to rights of licensees in case of infringement,sso.agc.gov.sg/Act/TMA1998#pr44-
sg_45,Exclusive licensee having rights and remedies of assignee,sso.agc.gov.sg/Act/TMA1998#pr45-
sg_46,Counterfeiting a trade mark,sso.agc.gov.sg/Act/TMA1998#pr46-
sg_47,Falsely applying a registered trade mark to goods or services,sso.agc.gov.sg/Act/TMA1998#pr47-
sg_48,Making or possessing of article for committing offence,sso.agc.gov.sg/Act/TMA1998#pr48-
sg_49,"Importing or selling, etc., goods with falsely applied trade mark",sso.agc.gov.sg/Act/TMA1998#pr49-
sg_50,"Falsification of register, etc.",sso.agc.gov.sg/Act/TMA1998#pr50-
sg_51,Falsely representing trade mark as registered,sso.agc.gov.sg/Act/TMA1998#pr51-
sg_52,"Representation on trade marks of Arms or Flags prohibited, etc.",sso.agc.gov.sg/Act/TMA1998#pr52-
sg_53,"Forfeiture and destruction of goods, etc., on conviction",sso.agc.gov.sg/Act/TMA1998#pr53-
sg_53A,Enforcement measures,sso.agc.gov.sg/Act/TMA1998#pr53A-
sg_54,"Power to make provision giving effect to Madrid Protocol, etc.",sso.agc.gov.sg/Act/TMA1998#pr54-
sg_55,Protection of well known trade marks,sso.agc.gov.sg/Act/TMA1998#pr55-
sg_55A,Permitted use of well known trade marks,sso.agc.gov.sg/Act/TMA1998#pr55A-
sg_56,"National emblems, etc., of Convention countries: Article 6ter of Paris Convention, etc.",sso.agc.gov.sg/Act/TMA1998#pr56-
sg_57,"Emblems, etc., of certain international organisations: Article 6ter of Paris Convention, etc.",sso.agc.gov.sg/Act/TMA1998#pr57-
sg_58,"Notification under Article 6ter of Paris Convention, etc.",sso.agc.gov.sg/Act/TMA1998#pr58-
sg_59,"Acts of agent or representative: Article 6septies of the Paris Convention, etc.",sso.agc.gov.sg/Act/TMA1998#pr59-
sg_60,Collective marks,sso.agc.gov.sg/Act/TMA1998#pr60-
sg_61,Certification marks,sso.agc.gov.sg/Act/TMA1998#pr61-
sg_62,Registrar of Trade Marks and other officers,sso.agc.gov.sg/Act/TMA1998#pr62-
sg_63,Delegation by Registrar,sso.agc.gov.sg/Act/TMA1998#pr63-
sg_64,Registry of Trade Marks,sso.agc.gov.sg/Act/TMA1998#pr64-
sg_65,Seal of Registry,sso.agc.gov.sg/Act/TMA1998#pr65-
sg_66,The register,sso.agc.gov.sg/Act/TMA1998#pr66-
sg_67,Rectification or correction of register,sso.agc.gov.sg/Act/TMA1998#pr67-
sg_68,Inspection of and extract from register,sso.agc.gov.sg/Act/TMA1998#pr68-
sg_69,Costs awarded by Registrar,sso.agc.gov.sg/Act/TMA1998#pr69-
sg_70,Security for costs,sso.agc.gov.sg/Act/TMA1998#pr70-
sg_71,Evidence before Registrar,sso.agc.gov.sg/Act/TMA1998#pr71-
sg_72,Disobedience to summons an offence,sso.agc.gov.sg/Act/TMA1998#pr72-
sg_73,Refusal to give evidence an offence,sso.agc.gov.sg/Act/TMA1998#pr73-
sg_74,Exclusion of liability in respect of official acts,sso.agc.gov.sg/Act/TMA1998#pr74-
sg_75,Appeals from Registrar,sso.agc.gov.sg/Act/TMA1998#pr75-
sg_76,Forms and directions of Registrar,sso.agc.gov.sg/Act/TMA1998#pr76-
sg_77,Fees,sso.agc.gov.sg/Act/TMA1998#pr77-
sg_78,Hours of business and excluded days,sso.agc.gov.sg/Act/TMA1998#pr78-
sg_79,"Publication of trade mark applications, etc.",sso.agc.gov.sg/Act/TMA1998#pr79-
sg_80,Recognition of agents,sso.agc.gov.sg/Act/TMA1998#pr80-
sg_81,Interpretation of this Part,sso.agc.gov.sg/Act/TMA1998#pr81-
sg_81A,Delegation of Director-General’s powers,sso.agc.gov.sg/Act/TMA1998#pr81A-
sg_81B,Fees,sso.agc.gov.sg/Act/TMA1998#pr81B-
sg_82,Restriction of importation or exportation of infringing goods,sso.agc.gov.sg/Act/TMA1998#pr82-
sg_83,"Security for liability or expense of seizure, storage and disposal ",sso.agc.gov.sg/Act/TMA1998#pr83-
sg_84,Secure storage of seized goods,sso.agc.gov.sg/Act/TMA1998#pr84-
sg_85,Notice of seizure,sso.agc.gov.sg/Act/TMA1998#pr85-
sg_85A,Persons bound to give information or produce documents,sso.agc.gov.sg/Act/TMA1998#pr85A-
sg_85B,Information on import or export,sso.agc.gov.sg/Act/TMA1998#pr85B-
sg_86,"Inspection, release, etc., of seized goods",sso.agc.gov.sg/Act/TMA1998#pr86-
sg_87,Forfeiture of seized goods by consent,sso.agc.gov.sg/Act/TMA1998#pr87-
sg_88,Compulsory release of seized goods to importer or exporter,sso.agc.gov.sg/Act/TMA1998#pr88-
sg_89,Compensation for failure to take action,sso.agc.gov.sg/Act/TMA1998#pr89-
sg_90,Actions for infringement of registered trade mark,sso.agc.gov.sg/Act/TMA1998#pr90-
sg_91,Retention of control of seized goods,sso.agc.gov.sg/Act/TMA1998#pr91-
sg_92,Disposal of seized goods ,sso.agc.gov.sg/Act/TMA1998#pr92-
sg_93,Insufficient security,sso.agc.gov.sg/Act/TMA1998#pr93-
sg_93A,Seizure and inspection of counterfeit goods,sso.agc.gov.sg/Act/TMA1998#pr93A-
sg_93B,Requirements for continued detention,sso.agc.gov.sg/Act/TMA1998#pr93B-
sg_93C,Notice to take action,sso.agc.gov.sg/Act/TMA1998#pr93C-
sg_93D,Persons bound to give information or produce documents,sso.agc.gov.sg/Act/TMA1998#pr93D-
sg_93E,Information on import or export,sso.agc.gov.sg/Act/TMA1998#pr93E-
sg_93F,Forfeiture of seized goods by consent,sso.agc.gov.sg/Act/TMA1998#pr93F-
sg_93G,Compulsory release of seized goods to dealer,sso.agc.gov.sg/Act/TMA1998#pr93G-
sg_93H,Provisions relating to infringement action,sso.agc.gov.sg/Act/TMA1998#pr93H-
sg_93I,Compensation for failure to take action,sso.agc.gov.sg/Act/TMA1998#pr93I-
sg_93J,Retention of control of seized goods,sso.agc.gov.sg/Act/TMA1998#pr93J-
sg_93K,Disposal of seized goods,sso.agc.gov.sg/Act/TMA1998#pr93K-
sg_93L,Insufficient security,sso.agc.gov.sg/Act/TMA1998#pr93L-
sg_94,"Powers of search in relation to vessels, aircraft and vehicles",sso.agc.gov.sg/Act/TMA1998#pr94-
sg_95,"Examination of packages, etc.",sso.agc.gov.sg/Act/TMA1998#pr95-
sg_96,Power to remove packages and goods to police station or examination station,sso.agc.gov.sg/Act/TMA1998#pr96-
sg_97,Search of persons and baggage,sso.agc.gov.sg/Act/TMA1998#pr97-
sg_98,Powers of authorised officers to enter certain premises,sso.agc.gov.sg/Act/TMA1998#pr98-
sg_99,Obstruction,sso.agc.gov.sg/Act/TMA1998#pr99-
sg_100,Protection from personal liability,sso.agc.gov.sg/Act/TMA1998#pr100-
sg_101,Registration to be prima facie evidence,sso.agc.gov.sg/Act/TMA1998#pr101-
sg_102,Certificate of validity of contested registration,sso.agc.gov.sg/Act/TMA1998#pr102-
sg_103,Certificate of Registrar,sso.agc.gov.sg/Act/TMA1998#pr103-
sg_104,Costs of proceedings before Court,sso.agc.gov.sg/Act/TMA1998#pr104-
sg_105,Burden of proving use of trade mark,sso.agc.gov.sg/Act/TMA1998#pr105-
sg_105A,Composition of offences,sso.agc.gov.sg/Act/TMA1998#pr105A-
sg_106,Jurisdiction of Courts,sso.agc.gov.sg/Act/TMA1998#pr106-
sg_107,Offence committed by partnership or body corporate,sso.agc.gov.sg/Act/TMA1998#pr107-
sg_108,Power to make rules,sso.agc.gov.sg/Act/TMA1998#pr108-
sg_109,Transitional provisions,sso.agc.gov.sg/Act/TMA1998#pr109-
uk_1,Trade marks,www.legislation.gov.uk/ukpga/1994/26/section/1
uk_2,Registered trade marks,www.legislation.gov.uk/ukpga/1994/26/section/2
uk_3,Absolute grounds for refusal of registration,www.legislation.gov.uk/ukpga/1994/26/section/3
uk_4,Specially protected emblems,www.legislation.gov.uk/ukpga/1994/26/section/4
uk_5,Relative grounds for refusal of registration,www.legislation.gov.uk/ukpga/1994/26/section/5
uk_5A,Grounds for refusal relating to only some of the goods or servicesU.K.,www.legislation.gov.uk/ukpga/1994/26/section/5A
uk_6,Meaning of “earlier trade mark”,www.legislation.gov.uk/ukpga/1994/26/section/6
uk_6A,Raising of relative grounds in opposition proceedings in case of non-use U.K.,www.legislation.gov.uk/ukpga/1994/26/section/6A
uk_7,Raising of relative grounds in case of honest concurrent use,www.legislation.gov.uk/ukpga/1994/26/section/7
uk_8,Power to require that relative grounds be raised in opposition proceedings,www.legislation.gov.uk/ukpga/1994/26/section/8
uk_9,Rights conferred by registered trade mark,www.legislation.gov.uk/ukpga/1994/26/section/9
uk_10,Infringement of registered trade mark,www.legislation.gov.uk/ukpga/1994/26/section/10
uk_10A,Right to prevent goods entering the UK without being released for free circulationU.K.,www.legislation.gov.uk/ukpga/1994/26/section/10A
uk_10B,Prohibition on the use of a trade mark registered in the name of an agent or representativeU.K.,www.legislation.gov.uk/ukpga/1994/26/section/10B
uk_11,Limits on effect of registered trade mark,www.legislation.gov.uk/ukpga/1994/26/section/11
uk_11A,Non-use as defence in infringement proceedingsU.K.,www.legislation.gov.uk/ukpga/1994/26/section/11A
uk_12,Exhaustion of rights conferred by registered trade mark,www.legislation.gov.uk/ukpga/1994/26/section/12
uk_13,Registration subject to disclaimer or limitation,www.legislation.gov.uk/ukpga/1994/26/section/13
uk_14,Action for infringement,www.legislation.gov.uk/ukpga/1994/26/section/14
uk_15,"Order for erasure, &c. of offending sign",www.legislation.gov.uk/ukpga/1994/26/section/15
uk_16,"Order for delivery up of infringing goods, material or articles",www.legislation.gov.uk/ukpga/1994/26/section/16
uk_17,"Meaning of “infringing goods, material or articles”",www.legislation.gov.uk/ukpga/1994/26/section/17
uk_18,Period after which remedy of delivery up not available,www.legislation.gov.uk/ukpga/1994/26/section/18
uk_19,"Order as to disposal of infringing goods, material or articles",www.legislation.gov.uk/ukpga/1994/26/section/19
uk_20,Jurisdiction of sheriff court or county court in Northern Ireland,www.legislation.gov.uk/ukpga/1994/26/section/20
uk_21,Threats of infringement proceedingsU.K.,www.legislation.gov.uk/ukpga/1994/26/section/21
uk_21A,Actionable threatsU.K.,www.legislation.gov.uk/ukpga/1994/26/section/21A
uk_21B,Permitted communicationsU.K.,www.legislation.gov.uk/ukpga/1994/26/section/21B
uk_21C,Remedies and defencesU.K.,www.legislation.gov.uk/ukpga/1994/26/section/21C
uk_21D,Professional advisersU.K.,www.legislation.gov.uk/ukpga/1994/26/section/21D
uk_21E,Supplementary: pending registrationU.K.,www.legislation.gov.uk/ukpga/1994/26/section/21E
uk_21F,Supplementary: proceedings for delivery up etc,www.legislation.gov.uk/ukpga/1994/26/section/21F
uk_22,Nature of registered trade mark,www.legislation.gov.uk/ukpga/1994/26/section/22
uk_23,Co-ownership of registered trade mark,www.legislation.gov.uk/ukpga/1994/26/section/23
uk_24,"Assignment, &c. of registered trade mark",www.legislation.gov.uk/ukpga/1994/26/section/24
uk_25,Registration of transactions affecting registered trade mark,www.legislation.gov.uk/ukpga/1994/26/section/25
uk_26,Trusts and equities,www.legislation.gov.uk/ukpga/1994/26/section/26
uk_27,Application for registration of trade mark as an object of property,www.legislation.gov.uk/ukpga/1994/26/section/27
uk_28,Licensing of registered trade mark,www.legislation.gov.uk/ukpga/1994/26/section/28
uk_29,Exclusive licences,www.legislation.gov.uk/ukpga/1994/26/section/29
uk_30,General provisions as to rights of licensees in case of infringement,www.legislation.gov.uk/ukpga/1994/26/section/30
uk_31,Exclusive licensee having rights and remedies of assignee,www.legislation.gov.uk/ukpga/1994/26/section/31
uk_32,Application for registration,www.legislation.gov.uk/ukpga/1994/26/section/32
uk_33,Date of filing,www.legislation.gov.uk/ukpga/1994/26/section/33
uk_34,Classification of trade marks,www.legislation.gov.uk/ukpga/1994/26/section/34
uk_35,Claim to priority of Convention application,www.legislation.gov.uk/ukpga/1994/26/section/35
uk_36,Claim to priority from other relevant overseas application,www.legislation.gov.uk/ukpga/1994/26/section/36
uk_37,Examination of application,www.legislation.gov.uk/ukpga/1994/26/section/37
uk_38,"Publication, opposition proceedings and observations",www.legislation.gov.uk/ukpga/1994/26/section/38
uk_39,"Withdrawal, restriction or amendment of application",www.legislation.gov.uk/ukpga/1994/26/section/39
uk_40,Registration,www.legislation.gov.uk/ukpga/1994/26/section/40
uk_41,Registration: supplementary provisions,www.legislation.gov.uk/ukpga/1994/26/section/41
uk_42,Duration of registration,www.legislation.gov.uk/ukpga/1994/26/section/42
uk_43,Renewal of registration,www.legislation.gov.uk/ukpga/1994/26/section/43
uk_44,Alteration of registered trade mark,www.legislation.gov.uk/ukpga/1994/26/section/44
uk_45,Surrender of registered trade mark,www.legislation.gov.uk/ukpga/1994/26/section/45
uk_46,Revocation of registration,www.legislation.gov.uk/ukpga/1994/26/section/46
uk_47,Grounds for invalidity of registration,www.legislation.gov.uk/ukpga/1994/26/section/47
uk_48,Effect of acquiescence,www.legislation.gov.uk/ukpga/1994/26/section/48
uk_49,Collective marks,www.legislation.gov.uk/ukpga/1994/26/section/49
uk_50,Certification marks,www.legislation.gov.uk/ukpga/1994/26/section/50
uk_51,Meaning of “European Union trade mark”U.K.,www.legislation.gov.uk/ukpga/1994/26/section/51
uk_52,Power to make provision in connection with [F1European Union] Trade Mark Regulation,www.legislation.gov.uk/ukpga/1994/26/section/52
uk_53,The Madrid Protocol,www.legislation.gov.uk/ukpga/1994/26/section/53
uk_54,Power to make provision giving effect to Madrid Protocol,www.legislation.gov.uk/ukpga/1994/26/section/54
uk_55,The Paris Convention,www.legislation.gov.uk/ukpga/1994/26/section/55
uk_56,Protection of well-known trade marks: Article 6bis,www.legislation.gov.uk/ukpga/1994/26/section/56
uk_57,"National emblems, &c. of Convention countries: Article 6ter",www.legislation.gov.uk/ukpga/1994/26/section/57
uk_58,"Emblems, &c. of certain international organisations: Article 6ter",www.legislation.gov.uk/ukpga/1994/26/section/58
uk_59,Notification under Article 6ter of the Convention,www.legislation.gov.uk/ukpga/1994/26/section/59
uk_60,Acts of agent or representative: Article 6septies,www.legislation.gov.uk/ukpga/1994/26/section/60
uk_60A,Similarity of goods and servicesU.K.,www.legislation.gov.uk/ukpga/1994/26/section/60A
uk_62,The registrar,www.legislation.gov.uk/ukpga/1994/26/section/62
uk_63,The register,www.legislation.gov.uk/ukpga/1994/26/section/63
uk_64,Rectification or correction of the register,www.legislation.gov.uk/ukpga/1994/26/section/64
uk_65,Adaptation of entries to new classification,www.legislation.gov.uk/ukpga/1994/26/section/65
uk_66,Power to require use of forms,www.legislation.gov.uk/ukpga/1994/26/section/66
uk_67,Information about applications and registered trade marks,www.legislation.gov.uk/ukpga/1994/26/section/67
uk_68,Costs and security for costs,www.legislation.gov.uk/ukpga/1994/26/section/68
uk_69,Evidence before registrar,www.legislation.gov.uk/ukpga/1994/26/section/69
uk_70,Exclusion of liability in respect of official acts,www.legislation.gov.uk/ukpga/1994/26/section/70
uk_71,Registrar’s annual report,www.legislation.gov.uk/ukpga/1994/26/section/71
uk_72,Registration to be prima facie evidence of validity,www.legislation.gov.uk/ukpga/1994/26/section/72
uk_73,Certificate of validity of contested registration,www.legislation.gov.uk/ukpga/1994/26/section/73
uk_74,Registrar’s appearance in proceedings involving the register,www.legislation.gov.uk/ukpga/1994/26/section/74
uk_75,The court,www.legislation.gov.uk/ukpga/1994/26/section/75
uk_76,Appeals from the registrar,www.legislation.gov.uk/ukpga/1994/26/section/76
uk_77,Persons appointed to hear and determine appeals,www.legislation.gov.uk/ukpga/1994/26/section/77
uk_78,Power of Secretary of State to make rules,www.legislation.gov.uk/ukpga/1994/26/section/78
uk_79,Fees,www.legislation.gov.uk/ukpga/1994/26/section/79
uk_80,Hours of business and business days,www.legislation.gov.uk/ukpga/1994/26/section/80
uk_81,The trade marks journal,www.legislation.gov.uk/ukpga/1994/26/section/81
uk_82,Recognition of agents,www.legislation.gov.uk/ukpga/1994/26/section/82
uk_83,The register of trade mark attorneysU.K.,www.legislation.gov.uk/ukpga/1994/26/section/83
uk_83A,Regulation of trade mark attorneysU.K.,www.legislation.gov.uk/ukpga/1994/26/section/83A
uk_84,Unregistered persons not to be described as registered trade mark agents,www.legislation.gov.uk/ukpga/1994/26/section/84
uk_85,"Power to prescribe conditions, &c. for mixed partnerships and bodies corporate",www.legislation.gov.uk/ukpga/1994/26/section/85
uk_86,Use of the term “trade mark attorney”,www.legislation.gov.uk/ukpga/1994/26/section/86
uk_87,Privilege for communications with registered trade mark agents,www.legislation.gov.uk/ukpga/1994/26/section/87
uk_88,Power of registrar to refuse to deal with certain agents,www.legislation.gov.uk/ukpga/1994/26/section/88
uk_89,"Infringing goods, material or articles may be treated as prohibited goods",www.legislation.gov.uk/ukpga/1994/26/section/89
uk_90,Power of Commissioners of Customs and Excise to make regulations,www.legislation.gov.uk/ukpga/1994/26/section/90
uk_91,[F1 Power of Commissioners for Revenue and Customs to disclose information.]U.K.,www.legislation.gov.uk/ukpga/1994/26/section/91
uk_92,"Unauthorised use of trade mark, &c. in relation to goods",www.legislation.gov.uk/ukpga/1994/26/section/92
uk_92A,Search warrantsU.K.,www.legislation.gov.uk/ukpga/1994/26/section/92A
uk_93,Enforcement function of local weights and measures authority,www.legislation.gov.uk/ukpga/1994/26/section/93
uk_94,"Falsification of register, &c",www.legislation.gov.uk/ukpga/1994/26/section/94
uk_95,Falsely representing trade mark as registered,www.legislation.gov.uk/ukpga/1994/26/section/95
uk_96,Supplementary provisions as to summary proceedings in Scotland,www.legislation.gov.uk/ukpga/1994/26/section/96
uk_97,Forfeiture: England and Wales or Northern Ireland,www.legislation.gov.uk/ukpga/1994/26/section/97
uk_98,Forfeiture: Scotland,www.legislation.gov.uk/ukpga/1994/26/section/98
uk_99,"Unauthorised use of Royal arms, &c",www.legislation.gov.uk/ukpga/1994/26/section/99
uk_99A,"Reproduction of trade marks in dictionaries, encyclopaedias etc",www.legislation.gov.uk/ukpga/1994/26/section/99A
uk_100,Burden of proving use of trade mark,www.legislation.gov.uk/ukpga/1994/26/section/100
uk_101,Offences committed by partnerships and bodies corporate,www.legislation.gov.uk/ukpga/1994/26/section/101
uk_102,Adaptation of expressions for Scotland,www.legislation.gov.uk/ukpga/1994/26/section/102
uk_103,Minor definitions,www.legislation.gov.uk/ukpga/1994/26/section/103
uk_104,Index of defined expressions,www.legislation.gov.uk/ukpga/1994/26/section/104
uk_105,Transitional provisions,www.legislation.gov.uk/ukpga/1994/26/section/105
uk_106,Consequential amendments and repeals,www.legislation.gov.uk/ukpga/1994/26/section/106
uk_107,Territorial waters and the continental shelf,www.legislation.gov.uk/ukpga/1994/26/section/107
uk_108,Extent,www.legislation.gov.uk/ukpga/1994/26/section/108
uk_109,Commencement,www.legislation.gov.uk/ukpga/1994/26/section/109
uk_110,Short title,www.legislation.gov.uk/ukpga/1994/26/section/110
