sec,title,url
sg_1,Short title,sso.agc.gov.sg/Act/CA1987#pr1-
sg_2,Application,sso.agc.gov.sg/Act/CA1987#pr2-
sg_3,Application to Government,sso.agc.gov.sg/Act/CA1987#pr3-
sg_4,Copyright not to subsist except by virtue of this Act,sso.agc.gov.sg/Act/CA1987#pr4-
sg_5,"Savings of rights of Government, etc.",sso.agc.gov.sg/Act/CA1987#pr5-
sg_6,Operation of other laws,sso.agc.gov.sg/Act/CA1987#pr6-
sg_7,Interpretation,sso.agc.gov.sg/Act/CA1987#pr7-
sg_7A,Literary works include compilation and computer program,sso.agc.gov.sg/Act/CA1987#pr7A-
sg_8,Residence,sso.agc.gov.sg/Act/CA1987#pr8-
sg_9,Acts comprised in copyright,sso.agc.gov.sg/Act/CA1987#pr9-
sg_10,Acts done in relation to substantial part of work or other subject-matter deemed to be done in relation to the whole,sso.agc.gov.sg/Act/CA1987#pr10-
sg_11,References to acts done with licence of owner of copyright,sso.agc.gov.sg/Act/CA1987#pr11-
sg_12,References to partial assignment of copyright,sso.agc.gov.sg/Act/CA1987#pr12-
sg_13,Libraries established or conducted for profit,sso.agc.gov.sg/Act/CA1987#pr13-
sg_14,Names under which work is published,sso.agc.gov.sg/Act/CA1987#pr14-
sg_15,Reproduction of works,sso.agc.gov.sg/Act/CA1987#pr15-
sg_16,Provisions relating to the making of a work or other subject-matter,sso.agc.gov.sg/Act/CA1987#pr16-
sg_17,Storage in computer or on any other medium,sso.agc.gov.sg/Act/CA1987#pr17-
sg_18,Sound recordings and records,sso.agc.gov.sg/Act/CA1987#pr18-
sg_19,References to sounds and visual images embodied in an article,sso.agc.gov.sg/Act/CA1987#pr19-
sg_20,Provisions relating to broadcasting,sso.agc.gov.sg/Act/CA1987#pr20-
sg_21,Cable programmes,sso.agc.gov.sg/Act/CA1987#pr21-
sg_22,Performance,sso.agc.gov.sg/Act/CA1987#pr22-
sg_23,"Performance of works or other subject-matter by students or staff of educational institution, etc.",sso.agc.gov.sg/Act/CA1987#pr23-
sg_24,Publication,sso.agc.gov.sg/Act/CA1987#pr24-
sg_25,Ownership of copyright for particular purposes,sso.agc.gov.sg/Act/CA1987#pr25-
sg_25A,Commercial rental arrangement,sso.agc.gov.sg/Act/CA1987#pr25A-
sg_26,Nature of copyright in original works,sso.agc.gov.sg/Act/CA1987#pr26-
sg_27,Original works in which copyright subsists,sso.agc.gov.sg/Act/CA1987#pr27-
sg_28,Duration of copyright in original works,sso.agc.gov.sg/Act/CA1987#pr28-
sg_29,Duration of copyright in anonymous and pseudonymous work,sso.agc.gov.sg/Act/CA1987#pr29-
sg_30,Ownership of copyright in original works,sso.agc.gov.sg/Act/CA1987#pr30-
sg_31,Infringement by doing acts comprised in copyright,sso.agc.gov.sg/Act/CA1987#pr31-
sg_32,Infringement by importation for sale or hire,sso.agc.gov.sg/Act/CA1987#pr32-
sg_33,Infringement by sale and other dealings,sso.agc.gov.sg/Act/CA1987#pr33-
sg_34,Infringing copies made on machines installed in libraries and archives,sso.agc.gov.sg/Act/CA1987#pr34-
sg_35,Fair dealing in relation to works,sso.agc.gov.sg/Act/CA1987#pr35-
sg_36,Fair dealing for purpose of criticism or review,sso.agc.gov.sg/Act/CA1987#pr36-
sg_37,Fair dealing for purpose of reporting current events,sso.agc.gov.sg/Act/CA1987#pr37-
sg_38,Reproduction for purposes of judicial proceedings or professional advice,sso.agc.gov.sg/Act/CA1987#pr38-
sg_38A,Temporary reproduction made in course of communication,sso.agc.gov.sg/Act/CA1987#pr38A-
sg_39,"Back-up copy of computer program, etc.",sso.agc.gov.sg/Act/CA1987#pr39-
sg_39A,Decompilation,sso.agc.gov.sg/Act/CA1987#pr39A-
sg_39B,"Observing, studying and testing of computer programs",sso.agc.gov.sg/Act/CA1987#pr39B-
sg_39C,Other acts permitted to lawful users,sso.agc.gov.sg/Act/CA1987#pr39C-
sg_40,Inclusion of works in collections for use by educational institutions,sso.agc.gov.sg/Act/CA1987#pr40-
sg_40A,Accessories to imported articles,sso.agc.gov.sg/Act/CA1987#pr40A-
sg_41,Reading or recitation in public or for a communication,sso.agc.gov.sg/Act/CA1987#pr41-
sg_42,Religious performances,sso.agc.gov.sg/Act/CA1987#pr42-
sg_43,Reproduction for purpose of broadcasting,sso.agc.gov.sg/Act/CA1987#pr43-
sg_43A,Reproduction for purpose of simulcasting,sso.agc.gov.sg/Act/CA1987#pr43A-
sg_44,Interpretation of this Division,sso.agc.gov.sg/Act/CA1987#pr44-
sg_45,Copying by libraries and archives for users,sso.agc.gov.sg/Act/CA1987#pr45-
sg_46,Copying by libraries or archives for other libraries or archives,sso.agc.gov.sg/Act/CA1987#pr46-
sg_47,Copying or communication of unpublished works in libraries or archives,sso.agc.gov.sg/Act/CA1987#pr47-
sg_48,Copying of works for preservation and other purposes,sso.agc.gov.sg/Act/CA1987#pr48-
sg_49,Publication of unpublished works kept in libraries,sso.agc.gov.sg/Act/CA1987#pr49-
sg_49A,Copying of online material for National Library Board collection,sso.agc.gov.sg/Act/CA1987#pr49A-
sg_50,Application of Division to illustrations accompanying articles and other works,sso.agc.gov.sg/Act/CA1987#pr50-
sg_50A,Copying by non-reprographic means for purpose of a course of education,sso.agc.gov.sg/Act/CA1987#pr50A-
sg_51,Multiple copying or communication of insubstantial portions of works,sso.agc.gov.sg/Act/CA1987#pr51-
sg_52,Multiple copying or communication under statutory licence by educational institutions,sso.agc.gov.sg/Act/CA1987#pr52-
sg_52A,Things done for purposes of examination,sso.agc.gov.sg/Act/CA1987#pr52A-
sg_53,Application of Division to illustrations accompanying articles and other works,sso.agc.gov.sg/Act/CA1987#pr53-
sg_54,"Copying, etc., under statutory licence for persons with reading disabilities",sso.agc.gov.sg/Act/CA1987#pr54-
sg_54A,Multiple copying under statutory licence by institutions assisting intellectually handicapped readers,sso.agc.gov.sg/Act/CA1987#pr54A-
sg_55,Interpretation of this Division,sso.agc.gov.sg/Act/CA1987#pr55-
sg_56,Conditions upon which manufacturer may make records of musical work,sso.agc.gov.sg/Act/CA1987#pr56-
sg_57,Amount of royalty,sso.agc.gov.sg/Act/CA1987#pr57-
sg_58,Provisions relating to royalty where 2 or more works are on the one record,sso.agc.gov.sg/Act/CA1987#pr58-
sg_59,Revision of royalty and minimum royalty,sso.agc.gov.sg/Act/CA1987#pr59-
sg_60,Conditions upon which manufacturer may include part of a literary or dramatic work in a record of a musical work,sso.agc.gov.sg/Act/CA1987#pr60-
sg_61,Making inquiries in relation to previous records,sso.agc.gov.sg/Act/CA1987#pr61-
sg_62,Application of Division in relation to record of part of a work,sso.agc.gov.sg/Act/CA1987#pr62-
sg_63,Sculptures and certain other works in public places,sso.agc.gov.sg/Act/CA1987#pr63-
sg_64,Buildings and models of buildings,sso.agc.gov.sg/Act/CA1987#pr64-
sg_65,Incidental filming or televising of artistic works,sso.agc.gov.sg/Act/CA1987#pr65-
sg_66,Publication of artistic works,sso.agc.gov.sg/Act/CA1987#pr66-
sg_67,Artistic works included in a cable programme,sso.agc.gov.sg/Act/CA1987#pr67-
sg_68,Reproduction for purpose of including work in television broadcast or cable programme,sso.agc.gov.sg/Act/CA1987#pr68-
sg_69,Reproduction of work in different dimensions,sso.agc.gov.sg/Act/CA1987#pr69-
sg_70,Special exception for artistic works which have been industrially applied,sso.agc.gov.sg/Act/CA1987#pr70-
sg_71,Reproduction of part of work in later work,sso.agc.gov.sg/Act/CA1987#pr71-
sg_72,Reconstruction of buildings,sso.agc.gov.sg/Act/CA1987#pr72-
sg_73,Interpretation of this Division,sso.agc.gov.sg/Act/CA1987#pr73-
sg_74,Special exception in respect of industrial design,sso.agc.gov.sg/Act/CA1987#pr74-
sg_75,References to all of joint authors,sso.agc.gov.sg/Act/CA1987#pr75-
sg_76,References to any one or more of joint authors,sso.agc.gov.sg/Act/CA1987#pr76-
sg_77,References to whichever of joint authors died last,sso.agc.gov.sg/Act/CA1987#pr77-
sg_78,Works of joint authorship published under pseudonyms,sso.agc.gov.sg/Act/CA1987#pr78-
sg_79,Copyright to subsist in joint works without regard to any author who is an unqualified person,sso.agc.gov.sg/Act/CA1987#pr79-
sg_80,Inclusion of joint works in collections for use in educational institutions,sso.agc.gov.sg/Act/CA1987#pr80-
sg_81,Interpretation of this Part,sso.agc.gov.sg/Act/CA1987#pr81-
sg_82,Nature of copyright in sound recordings,sso.agc.gov.sg/Act/CA1987#pr82-
sg_83,Nature of copyright in cinematograph films,sso.agc.gov.sg/Act/CA1987#pr83-
sg_84,Nature of copyright in television broadcasts and sound broadcasts,sso.agc.gov.sg/Act/CA1987#pr84-
sg_85,Nature of copyright in cable programmes,sso.agc.gov.sg/Act/CA1987#pr85-
sg_86,Nature of copyright in published editions of works,sso.agc.gov.sg/Act/CA1987#pr86-
sg_87,Sound recordings in which copyright subsists,sso.agc.gov.sg/Act/CA1987#pr87-
sg_88,Cinematograph films in which copyright subsists,sso.agc.gov.sg/Act/CA1987#pr88-
sg_89,Television broadcasts and sound broadcasts in which copyright subsists,sso.agc.gov.sg/Act/CA1987#pr89-
sg_90,Cable programmes in which copyright subsists,sso.agc.gov.sg/Act/CA1987#pr90-
sg_91,Published editions of works in which copyright subsists,sso.agc.gov.sg/Act/CA1987#pr91-
sg_92,Duration of copyright in sound recordings,sso.agc.gov.sg/Act/CA1987#pr92-
sg_93,Duration of copyright in cinematograph films,sso.agc.gov.sg/Act/CA1987#pr93-
sg_94,Duration of copyright in television broadcasts and sound broadcasts,sso.agc.gov.sg/Act/CA1987#pr94-
sg_95,Duration of copyright in cable programmes,sso.agc.gov.sg/Act/CA1987#pr95-
sg_96,Duration of copyright in published editions of works,sso.agc.gov.sg/Act/CA1987#pr96-
sg_97,Ownership of copyright in sound recordings,sso.agc.gov.sg/Act/CA1987#pr97-
sg_98,Ownership of copyright in cinematograph films,sso.agc.gov.sg/Act/CA1987#pr98-
sg_99,Ownership of copyright in television broadcasts and sound broadcasts,sso.agc.gov.sg/Act/CA1987#pr99-
sg_100,Ownership of copyright in cable programmes,sso.agc.gov.sg/Act/CA1987#pr100-
sg_101,Ownership of copyright in published editions of works,sso.agc.gov.sg/Act/CA1987#pr101-
sg_102,Interpretation of this Division,sso.agc.gov.sg/Act/CA1987#pr102-
sg_103,Infringement by doing acts comprised in copyright,sso.agc.gov.sg/Act/CA1987#pr103-
sg_104,Infringement by importation for sale or hire,sso.agc.gov.sg/Act/CA1987#pr104-
sg_105,Infringement by sale and other dealings,sso.agc.gov.sg/Act/CA1987#pr105-
sg_105A,Infringing copies made on machines installed in libraries and archives,sso.agc.gov.sg/Act/CA1987#pr105A-
sg_106,Acts done for purposes of judicial proceeding,sso.agc.gov.sg/Act/CA1987#pr106-
sg_107,Making of a copy of sound recording for purposes of broadcasting,sso.agc.gov.sg/Act/CA1987#pr107-
sg_107A,Making of copy of sound recording or cinematograph film for purpose of simulcasting,sso.agc.gov.sg/Act/CA1987#pr107A-
sg_107B,Non-subscription digital audio transmissions,sso.agc.gov.sg/Act/CA1987#pr107B-
sg_107C,Digital audio transmissions within business establishment,sso.agc.gov.sg/Act/CA1987#pr107C-
sg_107D,Other non-infringing non-interactive transmissions,sso.agc.gov.sg/Act/CA1987#pr107D-
sg_107E,Temporary copy made in course of communication,sso.agc.gov.sg/Act/CA1987#pr107E-
sg_108,Provisions relating to cinematograph films,sso.agc.gov.sg/Act/CA1987#pr108-
sg_109,Fair dealing in relation to other subject-matter,sso.agc.gov.sg/Act/CA1987#pr109-
sg_110,Fair dealing for purpose of criticism or review,sso.agc.gov.sg/Act/CA1987#pr110-
sg_111,Fair dealing for purpose of reporting news,sso.agc.gov.sg/Act/CA1987#pr111-
sg_112,Copying of unpublished sound recordings and cinematograph films in libraries or archives,sso.agc.gov.sg/Act/CA1987#pr112-
sg_113,Copying of sound recordings and cinematograph films for preservation and other purposes,sso.agc.gov.sg/Act/CA1987#pr113-
sg_113A,Copying of online material for National Library Board collection,sso.agc.gov.sg/Act/CA1987#pr113A-
sg_113B,Access to cinematograph film and sound recording by users of libraries and archives ,sso.agc.gov.sg/Act/CA1987#pr113B-
sg_114,Filming or recording broadcasts or programmes for private and domestic use,sso.agc.gov.sg/Act/CA1987#pr114-
sg_115,Use of broadcasts for educational purposes,sso.agc.gov.sg/Act/CA1987#pr115-
sg_115A,Copying for course of instruction in making of film or sound-track,sso.agc.gov.sg/Act/CA1987#pr115A-
sg_115B,Things done for purposes of examination,sso.agc.gov.sg/Act/CA1987#pr115B-
sg_115C,"Copying, etc., under statutory licence by institutions for reading disabilities",sso.agc.gov.sg/Act/CA1987#pr115C-
sg_116,Reproductions of editions of work,sso.agc.gov.sg/Act/CA1987#pr116-
sg_116A,Accessories to imported articles,sso.agc.gov.sg/Act/CA1987#pr116A-
sg_117,Copyrights to subsist independently,sso.agc.gov.sg/Act/CA1987#pr117-
sg_118,Interpretation of this Part,sso.agc.gov.sg/Act/CA1987#pr118-
sg_119,Actions for infringement,sso.agc.gov.sg/Act/CA1987#pr119-
sg_120,"Order for delivery up of infringing copies, etc.",sso.agc.gov.sg/Act/CA1987#pr120-
sg_120A,"Order for disposal of infringing copies, etc.",sso.agc.gov.sg/Act/CA1987#pr120A-
sg_121,Interpretation of this Division,sso.agc.gov.sg/Act/CA1987#pr121-
sg_122,Application,sso.agc.gov.sg/Act/CA1987#pr122-
sg_123,Rights of exclusive licensee,sso.agc.gov.sg/Act/CA1987#pr123-
sg_124,Joinder of owner or exclusive licensee as party,sso.agc.gov.sg/Act/CA1987#pr124-
sg_125,Defences available against exclusive licensee,sso.agc.gov.sg/Act/CA1987#pr125-
sg_126,Assessment of damages where exclusive licence granted,sso.agc.gov.sg/Act/CA1987#pr126-
sg_127,Apportionment of profits between owner and exclusive licensee,sso.agc.gov.sg/Act/CA1987#pr127-
sg_128,Separate actions in relation to the same infringement,sso.agc.gov.sg/Act/CA1987#pr128-
sg_129,Liability for costs,sso.agc.gov.sg/Act/CA1987#pr129-
sg_130,Presumptions as to subsistence and ownership of copyright,sso.agc.gov.sg/Act/CA1987#pr130-
sg_131,Presumptions in relation to authorship of work,sso.agc.gov.sg/Act/CA1987#pr131-
sg_132,Presumptions in relation to publisher of work,sso.agc.gov.sg/Act/CA1987#pr132-
sg_133,Presumptions where author has died,sso.agc.gov.sg/Act/CA1987#pr133-
sg_134,Evidence in relation to proceedings,sso.agc.gov.sg/Act/CA1987#pr134-
sg_135,Presumptions in relation to maker of film,sso.agc.gov.sg/Act/CA1987#pr135-
sg_136,Offences,sso.agc.gov.sg/Act/CA1987#pr136-
sg_137,Affidavit evidence,sso.agc.gov.sg/Act/CA1987#pr137-
sg_138,Powers of police officer,sso.agc.gov.sg/Act/CA1987#pr138-
sg_139,Advertisement for supply of infringing copies of computer programs,sso.agc.gov.sg/Act/CA1987#pr139-
sg_140,Court for trial of offences,sso.agc.gov.sg/Act/CA1987#pr140-
sg_140A,Interpretation of this Division and Division 7,sso.agc.gov.sg/Act/CA1987#pr140A-
sg_140AA,Delegation of Director-General’s powers,sso.agc.gov.sg/Act/CA1987#pr140AA-
sg_140AB,Fees,sso.agc.gov.sg/Act/CA1987#pr140AB-
sg_140B,"Restriction of importation or exportation of copies of works, etc.",sso.agc.gov.sg/Act/CA1987#pr140B-
sg_140C,"Security for liability or expense of seizure, storage and disposal ",sso.agc.gov.sg/Act/CA1987#pr140C-
sg_140D,Secure storage of seized copies,sso.agc.gov.sg/Act/CA1987#pr140D-
sg_140E,Notice of seizure,sso.agc.gov.sg/Act/CA1987#pr140E-
sg_140EA,Persons bound to give information or produce documents,sso.agc.gov.sg/Act/CA1987#pr140EA-
sg_140EB,Information on import or export,sso.agc.gov.sg/Act/CA1987#pr140EB-
sg_140F,"Inspection, release, etc., of seized copies",sso.agc.gov.sg/Act/CA1987#pr140F-
sg_140G,Forfeiture of seized copies by consent,sso.agc.gov.sg/Act/CA1987#pr140G-
sg_140H,Compulsory release of seized copies to importer or exporter,sso.agc.gov.sg/Act/CA1987#pr140H-
sg_140I,Provision relating to actions for infringement of copyright,sso.agc.gov.sg/Act/CA1987#pr140I-
sg_140IA,Compensation for failure to take action,sso.agc.gov.sg/Act/CA1987#pr140IA-
sg_140J,Retention of control of seized copies,sso.agc.gov.sg/Act/CA1987#pr140J-
sg_140K,Disposal of seized copies ,sso.agc.gov.sg/Act/CA1987#pr140K-
sg_140L,Insufficient security,sso.agc.gov.sg/Act/CA1987#pr140L-
sg_140LA,Seizure and inspection of infringing copies,sso.agc.gov.sg/Act/CA1987#pr140LA-
sg_140LB,Requirements for continued detention,sso.agc.gov.sg/Act/CA1987#pr140LB-
sg_140LC,Notice to take action,sso.agc.gov.sg/Act/CA1987#pr140LC-
sg_140LD,Persons bound to give information or produce documents,sso.agc.gov.sg/Act/CA1987#pr140LD-
sg_140LE,Information on import or export,sso.agc.gov.sg/Act/CA1987#pr140LE-
sg_140LF,Forfeiture of seized copies by consent,sso.agc.gov.sg/Act/CA1987#pr140LF-
sg_140LG,Compulsory release of seized copies to dealer,sso.agc.gov.sg/Act/CA1987#pr140LG-
sg_140LH,Provisions relating to actions for infringement of copyright,sso.agc.gov.sg/Act/CA1987#pr140LH-
sg_140LI,Compensation for failure to take action,sso.agc.gov.sg/Act/CA1987#pr140LI-
sg_140LJ,Retention of control of seized copies,sso.agc.gov.sg/Act/CA1987#pr140LJ-
sg_140LK,Disposal of seized copies,sso.agc.gov.sg/Act/CA1987#pr140LK-
sg_140LL,Insufficient security,sso.agc.gov.sg/Act/CA1987#pr140LL-
sg_140M,"Powers of search in relation to vessels, aircrafts and vehicles",sso.agc.gov.sg/Act/CA1987#pr140M-
sg_140N,Examination of packages,sso.agc.gov.sg/Act/CA1987#pr140N-
sg_140O,Power to remove packages and goods to police station or examination station,sso.agc.gov.sg/Act/CA1987#pr140O-
sg_140P,Search of persons and baggage,sso.agc.gov.sg/Act/CA1987#pr140P-
sg_140Q,Powers of authorised officers to enter certain premises,sso.agc.gov.sg/Act/CA1987#pr140Q-
sg_141,Obstruction,sso.agc.gov.sg/Act/CA1987#pr141-
sg_142,Limitation of actions in respect of infringement of copyright,sso.agc.gov.sg/Act/CA1987#pr142-
sg_149,Interpretation of this Part,sso.agc.gov.sg/Act/CA1987#pr149-
sg_150,Cases to which licence schemes apply,sso.agc.gov.sg/Act/CA1987#pr150-
sg_151,Establishment of Tribunals,sso.agc.gov.sg/Act/CA1987#pr151-
sg_151A,"Appointment of president, deputy president and members of Tribunal",sso.agc.gov.sg/Act/CA1987#pr151A-
sg_151B,Remuneration and allowances,sso.agc.gov.sg/Act/CA1987#pr151B-
sg_152,Tenure of office,sso.agc.gov.sg/Act/CA1987#pr152-
sg_153,Continuation of hearing on change in constitution of Tribunal,sso.agc.gov.sg/Act/CA1987#pr153-
sg_154,Quorum,sso.agc.gov.sg/Act/CA1987#pr154-
sg_155,Decision of Tribunal,sso.agc.gov.sg/Act/CA1987#pr155-
sg_156,Sittings of Tribunal,sso.agc.gov.sg/Act/CA1987#pr156-
sg_156A,Application to Tribunal for determination of remuneration payable for making recording or film of a work,sso.agc.gov.sg/Act/CA1987#pr156A-
sg_156B,Application to Tribunal for determination of remuneration payable for making copy of sound recording,sso.agc.gov.sg/Act/CA1987#pr156B-
sg_156C,Application to Tribunal for determination of remuneration payable for making available to public sound recording by means of digital audio transmission,sso.agc.gov.sg/Act/CA1987#pr156C-
sg_157,Inquiries into royalty payable in respect of records of musical works,sso.agc.gov.sg/Act/CA1987#pr157-
sg_158,Applications to Tribunal for determination of remuneration payable to owner of copyright for copies made under statutory licence,sso.agc.gov.sg/Act/CA1987#pr158-
sg_159,Applications to Tribunal for apportionment of royalty in respect of a record,sso.agc.gov.sg/Act/CA1987#pr159-
sg_160,Reference of proposed licence schemes to Tribunal,sso.agc.gov.sg/Act/CA1987#pr160-
sg_161,Reference of existing licence schemes to Tribunal ,sso.agc.gov.sg/Act/CA1987#pr161-
sg_162,Further reference of licence schemes to Tribunal,sso.agc.gov.sg/Act/CA1987#pr162-
sg_163,Application to Tribunal in relation to licences,sso.agc.gov.sg/Act/CA1987#pr163-
sg_164,Effect of licence schemes being continued in operation pending order of Tribunal,sso.agc.gov.sg/Act/CA1987#pr164-
sg_165,Effect of order of Tribunal in relation to licences,sso.agc.gov.sg/Act/CA1987#pr165-
sg_166,Attorney-General may make application for suspension order,sso.agc.gov.sg/Act/CA1987#pr166-
sg_167,Application to revoke suspension orders,sso.agc.gov.sg/Act/CA1987#pr167-
sg_168,Interim orders,sso.agc.gov.sg/Act/CA1987#pr168-
sg_169,Reference of questions of law to High Court,sso.agc.gov.sg/Act/CA1987#pr169-
sg_170,Agreements or awards not affected,sso.agc.gov.sg/Act/CA1987#pr170-
sg_171,Proceedings to be in public except in special circumstances,sso.agc.gov.sg/Act/CA1987#pr171-
sg_172,Application may be made to Tribunal by agent of copyright owner,sso.agc.gov.sg/Act/CA1987#pr172-
sg_173,Procedure,sso.agc.gov.sg/Act/CA1987#pr173-
sg_174,Mistakes or errors in orders of Tribunal,sso.agc.gov.sg/Act/CA1987#pr174-
sg_175,Regulations as to procedure,sso.agc.gov.sg/Act/CA1987#pr175-
sg_176,Power to take evidence on oath,sso.agc.gov.sg/Act/CA1987#pr176-
sg_177,Evidence in form of written statement,sso.agc.gov.sg/Act/CA1987#pr177-
sg_178,Representation,sso.agc.gov.sg/Act/CA1987#pr178-
sg_179,Protection of members and witnesses,sso.agc.gov.sg/Act/CA1987#pr179-
sg_180,"Disobedience to summons, etc.",sso.agc.gov.sg/Act/CA1987#pr180-
sg_181,"Contempt of Tribunal, etc.",sso.agc.gov.sg/Act/CA1987#pr181-
sg_182,Cost of proceedings,sso.agc.gov.sg/Act/CA1987#pr182-
sg_183,Proof of orders of Tribunal,sso.agc.gov.sg/Act/CA1987#pr183-
sg_184,Application of this Act to countries other than Singapore,sso.agc.gov.sg/Act/CA1987#pr184-
sg_185,Provisions as to international organisations,sso.agc.gov.sg/Act/CA1987#pr185-
sg_186,Denial of copyright to citizens of countries not giving adequate protection to Singapore works,sso.agc.gov.sg/Act/CA1987#pr186-
sg_187,Interpretation of this Part,sso.agc.gov.sg/Act/CA1987#pr187-
sg_188,Duty not to attribute falsely authorship of work or identity of performer of performance,sso.agc.gov.sg/Act/CA1987#pr188-
sg_189,Duty not to falsely represent altered work or recording of performance as unaltered,sso.agc.gov.sg/Act/CA1987#pr189-
sg_190,Duty not to attribute falsely the authorship of reproduction of artistic work,sso.agc.gov.sg/Act/CA1987#pr190-
sg_191,Breach of duty not committed if act done outside Singapore or done with permission,sso.agc.gov.sg/Act/CA1987#pr191-
sg_192,Action for breach of duty,sso.agc.gov.sg/Act/CA1987#pr192-
sg_193,Saving of other rights and remedies,sso.agc.gov.sg/Act/CA1987#pr193-
sg_193A,Interpretation and effect of application of this Part,sso.agc.gov.sg/Act/CA1987#pr193A-
sg_193B,"Transmission, routing and provision of connections",sso.agc.gov.sg/Act/CA1987#pr193B-
sg_193C,System caching,sso.agc.gov.sg/Act/CA1987#pr193C-
sg_193D,Storage and information location,sso.agc.gov.sg/Act/CA1987#pr193D-
sg_193DA,"Exemption of network service provider from liability for removal of copy, etc., from network",sso.agc.gov.sg/Act/CA1987#pr193DA-
sg_193DB,Relief which court may grant,sso.agc.gov.sg/Act/CA1987#pr193DB-
sg_193DC,Evidence of compliance with conditions,sso.agc.gov.sg/Act/CA1987#pr193DC-
sg_193DD,Maker of false notice guilty of offence and liable in damages,sso.agc.gov.sg/Act/CA1987#pr193DD-
sg_193DDA,Order to disable access to flagrantly infringing online location,sso.agc.gov.sg/Act/CA1987#pr193DDA-
sg_193DDB,Application for order under section 193DDA,sso.agc.gov.sg/Act/CA1987#pr193DDB-
sg_193DDC,Variation or revocation of order,sso.agc.gov.sg/Act/CA1987#pr193DDC-
sg_193DE,Regulations,sso.agc.gov.sg/Act/CA1987#pr193DE-
sg_193E,User caching,sso.agc.gov.sg/Act/CA1987#pr193E-
sg_193F,Transfer of electronic copy of material,sso.agc.gov.sg/Act/CA1987#pr193F-
sg_194,Assignments and licences in respect of copyright,sso.agc.gov.sg/Act/CA1987#pr194-
sg_195,Prospective ownership of copyright,sso.agc.gov.sg/Act/CA1987#pr195-
sg_196,Copyright to pass under will with unpublished work,sso.agc.gov.sg/Act/CA1987#pr196-
sg_197,Provisions as to Government copyright,sso.agc.gov.sg/Act/CA1987#pr197-
sg_198,Use of copyright material for service of Government,sso.agc.gov.sg/Act/CA1987#pr198-
sg_199,Reception of broadcasts or cable programmes,sso.agc.gov.sg/Act/CA1987#pr199-
sg_200,Groundless threats of legal proceedings,sso.agc.gov.sg/Act/CA1987#pr200-
sg_201,"Notation of copies, etc.",sso.agc.gov.sg/Act/CA1987#pr201-
sg_201A,"Immunity of Government, etc.",sso.agc.gov.sg/Act/CA1987#pr201A-
sg_201B,Offence committed by partnership or body corporate,sso.agc.gov.sg/Act/CA1987#pr201B-
sg_202,Regulations,sso.agc.gov.sg/Act/CA1987#pr202-
sg_205,Interpretation of this Part,sso.agc.gov.sg/Act/CA1987#pr205-
sg_206,"References to making of works, recordings and films",sso.agc.gov.sg/Act/CA1987#pr206-
sg_207,References in other laws or instruments to copyright,sso.agc.gov.sg/Act/CA1987#pr207-
sg_208,Authorship of photographs,sso.agc.gov.sg/Act/CA1987#pr208-
sg_209,Publication,sso.agc.gov.sg/Act/CA1987#pr209-
sg_210,Expired copyright not to revive,sso.agc.gov.sg/Act/CA1987#pr210-
sg_211,Original works in which copyright subsists,sso.agc.gov.sg/Act/CA1987#pr211-
sg_212,Duration of copyright in photographs,sso.agc.gov.sg/Act/CA1987#pr212-
sg_213,Ownership of copyright,sso.agc.gov.sg/Act/CA1987#pr213-
sg_214,Recording of musical works,sso.agc.gov.sg/Act/CA1987#pr214-
sg_215,Publication of artistic works,sso.agc.gov.sg/Act/CA1987#pr215-
sg_216,Reconstruction of buildings,sso.agc.gov.sg/Act/CA1987#pr216-
sg_217,Industrial designs,sso.agc.gov.sg/Act/CA1987#pr217-
sg_218,Reproduction of work upon payment of royalties,sso.agc.gov.sg/Act/CA1987#pr218-
sg_219,Sound recordings,sso.agc.gov.sg/Act/CA1987#pr219-
sg_220,Cinematograph films,sso.agc.gov.sg/Act/CA1987#pr220-
sg_221,Application of this Act to dramatic works and photographs comprised in cinematograph films,sso.agc.gov.sg/Act/CA1987#pr221-
sg_222,Television broadcasts and sound broadcasts,sso.agc.gov.sg/Act/CA1987#pr222-
sg_223,Published editions of works,sso.agc.gov.sg/Act/CA1987#pr223-
sg_224,Cable programmes,sso.agc.gov.sg/Act/CA1987#pr224-
sg_225,Actions for infringement,sso.agc.gov.sg/Act/CA1987#pr225-
sg_226,Actions where copyright subject to exclusive licence,sso.agc.gov.sg/Act/CA1987#pr226-
sg_227,Offences,sso.agc.gov.sg/Act/CA1987#pr227-
sg_228,Limitation of actions,sso.agc.gov.sg/Act/CA1987#pr228-
sg_230,References and applications to Tribunal in relation to licence schemes,sso.agc.gov.sg/Act/CA1987#pr230-
sg_231,Duration of Government copyright in photographs,sso.agc.gov.sg/Act/CA1987#pr231-
sg_232,Duration of Government copyright in recordings,sso.agc.gov.sg/Act/CA1987#pr232-
sg_233,Government copyright in films,sso.agc.gov.sg/Act/CA1987#pr233-
sg_234,Works made or published by international organisations,sso.agc.gov.sg/Act/CA1987#pr234-
sg_235,"Subject-matter, other than original works, made or published by international organisations",sso.agc.gov.sg/Act/CA1987#pr235-
sg_236,False attribution of authorship of work,sso.agc.gov.sg/Act/CA1987#pr236-
sg_237,Assignments and licences,sso.agc.gov.sg/Act/CA1987#pr237-
sg_238,Bequests,sso.agc.gov.sg/Act/CA1987#pr238-
sg_239,Existing computer programs,sso.agc.gov.sg/Act/CA1987#pr239-
sg_240,Interpretation of this Division,sso.agc.gov.sg/Act/CA1987#pr240-
sg_241,Application,sso.agc.gov.sg/Act/CA1987#pr241-
sg_242,Rights conferred by Copyright Act 1911,sso.agc.gov.sg/Act/CA1987#pr242-
sg_243,Performing rights,sso.agc.gov.sg/Act/CA1987#pr243-
sg_244,Contributions to periodicals,sso.agc.gov.sg/Act/CA1987#pr244-
sg_245,Assignments and licences,sso.agc.gov.sg/Act/CA1987#pr245-
sg_246,Interpretation of this Part,sso.agc.gov.sg/Act/CA1987#pr246-
sg_247,Educational purposes,sso.agc.gov.sg/Act/CA1987#pr247-
sg_248,Exempt recordings cease to be exempt recordings in certain circumstances,sso.agc.gov.sg/Act/CA1987#pr248-
sg_249,Private and domestic use,sso.agc.gov.sg/Act/CA1987#pr249-
sg_250,References to inclusion of performance in cable programme service,sso.agc.gov.sg/Act/CA1987#pr250-
sg_251,Application,sso.agc.gov.sg/Act/CA1987#pr251-
sg_252,What constitutes unauthorised use,sso.agc.gov.sg/Act/CA1987#pr252-
sg_252A,"Transmission, routing and provision of connections",sso.agc.gov.sg/Act/CA1987#pr252A-
sg_252B,System caching,sso.agc.gov.sg/Act/CA1987#pr252B-
sg_252C,Storage and information location,sso.agc.gov.sg/Act/CA1987#pr252C-
sg_252CA,"Exemption of network service provider from liability for removal of copy, etc., from network ",sso.agc.gov.sg/Act/CA1987#pr252CA-
sg_252CB,Relief which court may grant,sso.agc.gov.sg/Act/CA1987#pr252CB-
sg_252CC,Evidence of compliance with conditions,sso.agc.gov.sg/Act/CA1987#pr252CC-
sg_252CD,Maker of false notice guilty of offence and liable in damages,sso.agc.gov.sg/Act/CA1987#pr252CD-
sg_252CDA,Order to disable access to flagrantly infringing online location,sso.agc.gov.sg/Act/CA1987#pr252CDA-
sg_252CDB,Application for order under section 252CDA,sso.agc.gov.sg/Act/CA1987#pr252CDB-
sg_252CDC,Variation or revocation of order,sso.agc.gov.sg/Act/CA1987#pr252CDC-
sg_252CE,Regulations,sso.agc.gov.sg/Act/CA1987#pr252CE-
sg_252CF,Effect of application of sections 252A to 252CD,sso.agc.gov.sg/Act/CA1987#pr252CF-
sg_252D,User caching,sso.agc.gov.sg/Act/CA1987#pr252D-
sg_253,Action for unauthorised use,sso.agc.gov.sg/Act/CA1987#pr253-
sg_253A,Presumptions in relation to performance,sso.agc.gov.sg/Act/CA1987#pr253A-
sg_254,Order for disposal of unauthorised recordings or other object,sso.agc.gov.sg/Act/CA1987#pr254-
sg_254A,Offences,sso.agc.gov.sg/Act/CA1987#pr254A-
sg_254B,Application of sections 140A to 141,sso.agc.gov.sg/Act/CA1987#pr254B-
sg_255,Rights to bring an action may be assigned,sso.agc.gov.sg/Act/CA1987#pr255-
sg_256,Application to foreign countries,sso.agc.gov.sg/Act/CA1987#pr256-
sg_257,Denial of protection to citizens of countries not giving adequate protection to Singapore performances,sso.agc.gov.sg/Act/CA1987#pr257-
sg_258,Interpretation of this Part,sso.agc.gov.sg/Act/CA1987#pr258-
sg_259,Application of this Part,sso.agc.gov.sg/Act/CA1987#pr259-
sg_260,Removal or alteration of rights management information,sso.agc.gov.sg/Act/CA1987#pr260-
sg_261,Relief which court may grant,sso.agc.gov.sg/Act/CA1987#pr261-
sg_261A,Enforcement measures,sso.agc.gov.sg/Act/CA1987#pr261A-
sg_261B,Interpretation and effect of application of this Part,sso.agc.gov.sg/Act/CA1987#pr261B-
sg_261C,Circumvention of technological measures,sso.agc.gov.sg/Act/CA1987#pr261C-
sg_261D,Exceptions to prohibition on circumvention,sso.agc.gov.sg/Act/CA1987#pr261D-
sg_261E,"Exceptions to prohibition on making, etc., circumventing device and offering circumventing service",sso.agc.gov.sg/Act/CA1987#pr261E-
sg_261F,Relief which court may grant,sso.agc.gov.sg/Act/CA1987#pr261F-
sg_261G,Enforcement measures,sso.agc.gov.sg/Act/CA1987#pr261G-
sg_262,Interpretation of this Part,sso.agc.gov.sg/Act/CA1987#pr262-
sg_263,Works published before appointed day,sso.agc.gov.sg/Act/CA1987#pr263-
sg_264,Other subject-matter published before appointed day,sso.agc.gov.sg/Act/CA1987#pr264-
sg_265,Works and other subject matter published by international organisations before appointed day,sso.agc.gov.sg/Act/CA1987#pr265-
sg_266,Works and other subject matter published by Government before appointed day,sso.agc.gov.sg/Act/CA1987#pr266-
sg_267,Performances given before appointed day,sso.agc.gov.sg/Act/CA1987#pr267-
sg_268,Interpretation of this Part,sso.agc.gov.sg/Act/CA1987#pr268-
sg_269,Assignments and licences before appointed day,sso.agc.gov.sg/Act/CA1987#pr269-
sg_270,Action for infringement which took place before appointed day,sso.agc.gov.sg/Act/CA1987#pr270-
sg_271,Action for unauthorised use before appointed day,sso.agc.gov.sg/Act/CA1987#pr271-
sg_272,Action relating to rights management information,sso.agc.gov.sg/Act/CA1987#pr272-
uk_1,Copyright and copyright works,www.legislation.gov.uk/ukpga/1988/48/section/1
uk_2,Rights subsisting in copyright works,www.legislation.gov.uk/ukpga/1988/48/section/2
uk_3,"Literary, dramatic and musical works",www.legislation.gov.uk/ukpga/1988/48/section/3
uk_3A,DatabasesU.K.,www.legislation.gov.uk/ukpga/1988/48/section/3A
uk_4,Artistic works,www.legislation.gov.uk/ukpga/1988/48/section/4
uk_5A,Sound recordings,www.legislation.gov.uk/ukpga/1988/48/section/5A
uk_5B,Films,www.legislation.gov.uk/ukpga/1988/48/section/5B
uk_6,Broadcasts,www.legislation.gov.uk/ukpga/1988/48/section/6
uk_6A,Safeguards in case of certain satellite broadcasts,www.legislation.gov.uk/ukpga/1988/48/section/6A
uk_8,Published editions,www.legislation.gov.uk/ukpga/1988/48/section/8
uk_9,Authorship of work,www.legislation.gov.uk/ukpga/1988/48/section/9
uk_10,Works of joint authorship,www.legislation.gov.uk/ukpga/1988/48/section/10
uk_10A,Works of co-authorshipU.K.,www.legislation.gov.uk/ukpga/1988/48/section/10A
uk_11,First ownership of copyright,www.legislation.gov.uk/ukpga/1988/48/section/11
uk_12,"Duration of copyright in literary, dramatic, musical or artistic works",www.legislation.gov.uk/ukpga/1988/48/section/12
uk_13A,Duration of copyright in sound recordings,www.legislation.gov.uk/ukpga/1988/48/section/13A
uk_13B,Duration of copyright in films,www.legislation.gov.uk/ukpga/1988/48/section/13B
uk_14,Duration of copyright in broadcasts F1. . .,www.legislation.gov.uk/ukpga/1988/48/section/14
uk_15,Duration of copyright in typographical arrangement of published editions,www.legislation.gov.uk/ukpga/1988/48/section/15
uk_15A,Meaning of country of origin,www.legislation.gov.uk/ukpga/1988/48/section/15A
uk_16,The acts restricted by copyright in a work,www.legislation.gov.uk/ukpga/1988/48/section/16
uk_17,Infringement of copyright by copying,www.legislation.gov.uk/ukpga/1988/48/section/17
uk_18,Infringement by issue of copies to the public,www.legislation.gov.uk/ukpga/1988/48/section/18
uk_18A,Infringement by rental or lending of work to the public,www.legislation.gov.uk/ukpga/1988/48/section/18A
uk_19,"Infringement by performance, showing or playing of work in public",www.legislation.gov.uk/ukpga/1988/48/section/19
uk_20,Infringement by communication to the publicU.K.,www.legislation.gov.uk/ukpga/1988/48/section/20
uk_21,Infringement by making adaptation or act done in relation to adaptation,www.legislation.gov.uk/ukpga/1988/48/section/21
uk_22,Secondary infringement: importing infringing copy,www.legislation.gov.uk/ukpga/1988/48/section/22
uk_23,Secondary infringement: possessing or dealing with infringing copy,www.legislation.gov.uk/ukpga/1988/48/section/23
uk_24,Secondary infringement: providing means for making infringing copies,www.legislation.gov.uk/ukpga/1988/48/section/24
uk_25,Secondary infringement: permitting use of premises for infringing performance,www.legislation.gov.uk/ukpga/1988/48/section/25
uk_26,"Secondary infringement: provision of apparatus for infringing performance, &c",www.legislation.gov.uk/ukpga/1988/48/section/26
uk_27,Meaning of “infringing copy”,www.legislation.gov.uk/ukpga/1988/48/section/27
uk_28,Introductory provisions,www.legislation.gov.uk/ukpga/1988/48/section/28
uk_28A,Making of temporary copiesU.K.,www.legislation.gov.uk/ukpga/1988/48/section/28A
uk_28B,Personal copies for private useU.K.,www.legislation.gov.uk/ukpga/1988/48/section/28B
uk_29,Research and private study,www.legislation.gov.uk/ukpga/1988/48/section/29
uk_29A,Copies for text and data analysis for non-commercial researchU.K.,www.legislation.gov.uk/ukpga/1988/48/section/29A
uk_30,"Criticism, review[F1, quotation] and news reporting",www.legislation.gov.uk/ukpga/1988/48/section/30
uk_30A,"Caricature, parody or pasticheU.K.",www.legislation.gov.uk/ukpga/1988/48/section/30A
uk_31,Incidental inclusion of copyright material,www.legislation.gov.uk/ukpga/1988/48/section/31
uk_31A,Disabled persons: copies of works for personal useU.K.,www.legislation.gov.uk/ukpga/1988/48/section/31A
uk_31B,"Making [F2, communicating, making available, distributing or lending] of accessible copies by authorised bodiesU.K.",www.legislation.gov.uk/ukpga/1988/48/section/31B
uk_31BA,"Making [F2, communicating, making available, distributing or lending] of intermediate copies by authorised bodiesU.K.",www.legislation.gov.uk/ukpga/1988/48/section/31BA
uk_31BB,Accessible and intermediate copies: records and notificationU.K.,www.legislation.gov.uk/ukpga/1988/48/section/31BB
uk_31F,Sections 31A to 31BB: interpretation and generalU.K.,www.legislation.gov.uk/ukpga/1988/48/section/31F
uk_32,Illustration for instructionU.K.,www.legislation.gov.uk/ukpga/1988/48/section/32
uk_33,Anthologies for educational use,www.legislation.gov.uk/ukpga/1988/48/section/33
uk_34,"Performing, playing or showing work in course of activities of educational establishment",www.legislation.gov.uk/ukpga/1988/48/section/34
uk_35,Recording by educational establishments of broadcastsU.K.,www.legislation.gov.uk/ukpga/1988/48/section/35
uk_36,Copying and use of extracts of works by educational establishmentsU.K.,www.legislation.gov.uk/ukpga/1988/48/section/36
uk_36A,Lending of copies by educational establishmentsU.K.,www.legislation.gov.uk/ukpga/1988/48/section/36A
uk_40A,Lending of copies by libraries or archives,www.legislation.gov.uk/ukpga/1988/48/section/40A
uk_40B,Libraries and educational establishments etc : making works available through dedicated terminals U.K.,www.legislation.gov.uk/ukpga/1988/48/section/40B
uk_41,Copying by librarians: supply of single copies to other librariesU.K.,www.legislation.gov.uk/ukpga/1988/48/section/41
uk_42,Copying by librarians etc : replacement copies of works U.K.,www.legislation.gov.uk/ukpga/1988/48/section/42
uk_42A,Copying by librarians: single copies of published worksU.K.,www.legislation.gov.uk/ukpga/1988/48/section/42A
uk_43,Copying by librarians or archivists: single copies of unpublished worksU.K.,www.legislation.gov.uk/ukpga/1988/48/section/43
uk_43A,Sections 40A to 43: interpretationU.K.,www.legislation.gov.uk/ukpga/1988/48/section/43A
uk_44,Copy of work required to be made as condition of export,www.legislation.gov.uk/ukpga/1988/48/section/44
uk_44A,Legal deposit librariesU.K.,www.legislation.gov.uk/ukpga/1988/48/section/44A
uk_45,Parliamentary and judicial proceedings,www.legislation.gov.uk/ukpga/1988/48/section/45
uk_46,Royal Commissions and statutory inquiries,www.legislation.gov.uk/ukpga/1988/48/section/46
uk_47,Material open to public inspection or on official register,www.legislation.gov.uk/ukpga/1988/48/section/47
uk_48,Material communicated to the Crown in the course of public business,www.legislation.gov.uk/ukpga/1988/48/section/48
uk_49,Public records,www.legislation.gov.uk/ukpga/1988/48/section/49
uk_50,Acts done under statutory authority,www.legislation.gov.uk/ukpga/1988/48/section/50
uk_50A,Back up copies,www.legislation.gov.uk/ukpga/1988/48/section/50A
uk_50B,Decompilation,www.legislation.gov.uk/ukpga/1988/48/section/50B
uk_50BA,"Observing, studying and testing of computer programsU.K.",www.legislation.gov.uk/ukpga/1988/48/section/50BA
uk_50C,Other acts permitted to lawful users,www.legislation.gov.uk/ukpga/1988/48/section/50C
uk_50D,[F1 Acts permitted in relation to databases.]U.K.,www.legislation.gov.uk/ukpga/1988/48/section/50D
uk_51,Design documents and models,www.legislation.gov.uk/ukpga/1988/48/section/51
uk_52,Effect of exploitation of design derived from artistic work. U.K.,www.legislation.gov.uk/ukpga/1988/48/section/52
uk_53,Things done in reliance on registration of design,www.legislation.gov.uk/ukpga/1988/48/section/53
uk_54,Use of typeface in ordinary course of printing,www.legislation.gov.uk/ukpga/1988/48/section/54
uk_55,Articles for producing material in particular typeface,www.legislation.gov.uk/ukpga/1988/48/section/55
uk_56,Transfers of copies of works in electronic form,www.legislation.gov.uk/ukpga/1988/48/section/56
uk_57,Anonymous or pseudonymous works: acts permitted on assumptions as to expiry of copyright or death of author,www.legislation.gov.uk/ukpga/1988/48/section/57
uk_58,Use of notes or recordings of spoken words in certain cases,www.legislation.gov.uk/ukpga/1988/48/section/58
uk_59,Public reading or recitation,www.legislation.gov.uk/ukpga/1988/48/section/59
uk_60,Abstracts of scientific or technical articles,www.legislation.gov.uk/ukpga/1988/48/section/60
uk_61,Recordings of folksongs,www.legislation.gov.uk/ukpga/1988/48/section/61
uk_62,Representation of certain artistic works on public display,www.legislation.gov.uk/ukpga/1988/48/section/62
uk_63,Advertisement of sale of artistic work,www.legislation.gov.uk/ukpga/1988/48/section/63
uk_64,Making of subsequent works by same artist,www.legislation.gov.uk/ukpga/1988/48/section/64
uk_65,Reconstruction of buildings,www.legislation.gov.uk/ukpga/1988/48/section/65
uk_66,[F1 Lending to public of copies of certain works.]U.K.,www.legislation.gov.uk/ukpga/1988/48/section/66
uk_66A,"[F1 Films: acts permitted on assumptions as to expiry of copyright, &c.]U.K.",www.legislation.gov.uk/ukpga/1988/48/section/66A
uk_67,"Playing of sound recordings for purposes of club, society, &c",www.legislation.gov.uk/ukpga/1988/48/section/67
uk_68,Incidental recording for purposes of broadcast F1. . .,www.legislation.gov.uk/ukpga/1988/48/section/68
uk_69,Recording for purposes of supervision and control of broadcasts and [F1other services],www.legislation.gov.uk/ukpga/1988/48/section/69
uk_70,Recording for purposes of time-shifting,www.legislation.gov.uk/ukpga/1988/48/section/70
uk_71,Photographs of broadcastsU.K.,www.legislation.gov.uk/ukpga/1988/48/section/71
uk_72,Free public showing or playing of broadcast F1. . .,www.legislation.gov.uk/ukpga/1988/48/section/72
uk_73,Reception and re-transmission of wireless broadcast by cable,www.legislation.gov.uk/ukpga/1988/48/section/73
uk_73A,Royalty or other sum payable in pursuance of section 73(4),www.legislation.gov.uk/ukpga/1988/48/section/73A
uk_75,Recording of broadcast for archival purposesU.K.,www.legislation.gov.uk/ukpga/1988/48/section/75
uk_76,Adaptations,www.legislation.gov.uk/ukpga/1988/48/section/76
uk_77,Right to be identified as author or director,www.legislation.gov.uk/ukpga/1988/48/section/77
uk_78,Requirement that right be asserted,www.legislation.gov.uk/ukpga/1988/48/section/78
uk_79,Exceptions to right,www.legislation.gov.uk/ukpga/1988/48/section/79
uk_80,Right to object to derogatory treatment of work,www.legislation.gov.uk/ukpga/1988/48/section/80
uk_81,Exceptions to right,www.legislation.gov.uk/ukpga/1988/48/section/81
uk_82,Qualification of right in certain cases,www.legislation.gov.uk/ukpga/1988/48/section/82
uk_83,Infringement of right by possessing or dealing with infringing article,www.legislation.gov.uk/ukpga/1988/48/section/83
uk_84,False attribution of work,www.legislation.gov.uk/ukpga/1988/48/section/84
uk_85,Right to privacy of certain photographs and films,www.legislation.gov.uk/ukpga/1988/48/section/85
uk_86,Duration of rights,www.legislation.gov.uk/ukpga/1988/48/section/86
uk_87,Consent and waiver of rights,www.legislation.gov.uk/ukpga/1988/48/section/87
uk_88,Application of provisions to joint works,www.legislation.gov.uk/ukpga/1988/48/section/88
uk_89,Application of provisions to parts of works,www.legislation.gov.uk/ukpga/1988/48/section/89
uk_90,Assignment and licences,www.legislation.gov.uk/ukpga/1988/48/section/90
uk_91,Prospective ownership of copyright,www.legislation.gov.uk/ukpga/1988/48/section/91
uk_92,Exclusive licences,www.legislation.gov.uk/ukpga/1988/48/section/92
uk_93,Copyright to pass under will with unpublished work,www.legislation.gov.uk/ukpga/1988/48/section/93
uk_93A,Presumption of transfer of rental right in case of film production agreement,www.legislation.gov.uk/ukpga/1988/48/section/93A
uk_93B,Right to equitable remuneration where rental right transferred,www.legislation.gov.uk/ukpga/1988/48/section/93B
uk_93C,Equitable remuneration: reference of amount to Copyright Tribunal,www.legislation.gov.uk/ukpga/1988/48/section/93C
uk_94,Moral rights not assignable,www.legislation.gov.uk/ukpga/1988/48/section/94
uk_95,Transmission of moral rights on death,www.legislation.gov.uk/ukpga/1988/48/section/95
uk_96,Infringement actionable by copyright owner,www.legislation.gov.uk/ukpga/1988/48/section/96
uk_97,Provisions as to damages in infringement action,www.legislation.gov.uk/ukpga/1988/48/section/97
uk_97A,Injunctions against service providersU.K.,www.legislation.gov.uk/ukpga/1988/48/section/97A
uk_98,Undertaking to take licence of right in infringement proceedings,www.legislation.gov.uk/ukpga/1988/48/section/98
uk_99,Order for delivery up,www.legislation.gov.uk/ukpga/1988/48/section/99
uk_100,Right to seize infringing copies and other articles,www.legislation.gov.uk/ukpga/1988/48/section/100
uk_101,Rights and remedies of exclusive licensee,www.legislation.gov.uk/ukpga/1988/48/section/101
uk_101A,Certain infringements actionable by a non-exclusive licenseeU.K.,www.legislation.gov.uk/ukpga/1988/48/section/101A
uk_102,Exercise of concurrent rights,www.legislation.gov.uk/ukpga/1988/48/section/102
uk_103,Remedies for infringement of moral rights,www.legislation.gov.uk/ukpga/1988/48/section/103
uk_104,"Presumptions relevant to literary, dramatic, musical and artistic works",www.legislation.gov.uk/ukpga/1988/48/section/104
uk_105,Presumptions relevant to sound recordings and films,www.legislation.gov.uk/ukpga/1988/48/section/105
uk_106,Presumptions relevant to works subject to Crown copyright,www.legislation.gov.uk/ukpga/1988/48/section/106
uk_107,"Criminal liability for making or dealing with infringing articles, &c",www.legislation.gov.uk/ukpga/1988/48/section/107
uk_107A,Enforcement by local weights and measures authority,www.legislation.gov.uk/ukpga/1988/48/section/107A
uk_108,Order for delivery up in criminal proceedings,www.legislation.gov.uk/ukpga/1988/48/section/108
uk_109,Search warrants,www.legislation.gov.uk/ukpga/1988/48/section/109
uk_110,Offence by body corporate: liability of officers,www.legislation.gov.uk/ukpga/1988/48/section/110
uk_111,Infringing copies may be treated as prohibited goods,www.legislation.gov.uk/ukpga/1988/48/section/111
uk_112,Power of Commissioners of Customs and Excise to make regulations,www.legislation.gov.uk/ukpga/1988/48/section/112
uk_113,Period after which remedy of delivery up not available,www.legislation.gov.uk/ukpga/1988/48/section/113
uk_114,Order as to disposal of infringing copy or other article,www.legislation.gov.uk/ukpga/1988/48/section/114
uk_114A,"Forfeiture of infringing copies, etc.: England and Wales or Northern IrelandU.K.",www.legislation.gov.uk/ukpga/1988/48/section/114A
uk_114B,"Forfeiture of infringing copies, etc.: ScotlandU.K.",www.legislation.gov.uk/ukpga/1988/48/section/114B
uk_115,Jurisdiction of county court and sheriff court,www.legislation.gov.uk/ukpga/1988/48/section/115
uk_116,Licensing schemes and licensing bodies,www.legislation.gov.uk/ukpga/1988/48/section/116
uk_116A,Power to provide for licensing of orphan worksU.K.,www.legislation.gov.uk/ukpga/1988/48/section/116A
uk_116B,Extended collective licensingU.K.,www.legislation.gov.uk/ukpga/1988/48/section/116B
uk_116C,General provision about licensing under sections 116A and 116BU.K.,www.legislation.gov.uk/ukpga/1988/48/section/116C
uk_116D,Regulations under sections 116A and 116BU.K.,www.legislation.gov.uk/ukpga/1988/48/section/116D
uk_117,Licensing schemes to which following sections apply,www.legislation.gov.uk/ukpga/1988/48/section/117
uk_118,Reference of proposed licensing scheme to tribunal,www.legislation.gov.uk/ukpga/1988/48/section/118
uk_119,Reference of licensing scheme to tribunal,www.legislation.gov.uk/ukpga/1988/48/section/119
uk_120,Further reference of scheme to tribunal,www.legislation.gov.uk/ukpga/1988/48/section/120
uk_121,Application for grant of licence in connection with licensing scheme,www.legislation.gov.uk/ukpga/1988/48/section/121
uk_122,Application for review of order as to entitlement to licence,www.legislation.gov.uk/ukpga/1988/48/section/122
uk_123,Effect of order of tribunal as to licensing scheme,www.legislation.gov.uk/ukpga/1988/48/section/123
uk_124,Licences to which following sections apply,www.legislation.gov.uk/ukpga/1988/48/section/124
uk_125,Reference to tribunal of proposed licence,www.legislation.gov.uk/ukpga/1988/48/section/125
uk_126,Reference to tribunal of expiring licence,www.legislation.gov.uk/ukpga/1988/48/section/126
uk_127,Application for review of order as to licence,www.legislation.gov.uk/ukpga/1988/48/section/127
uk_128,Effect of order of tribunal as to licence,www.legislation.gov.uk/ukpga/1988/48/section/128
uk_129,General considerations: unreasonable discrimination,www.legislation.gov.uk/ukpga/1988/48/section/129
uk_130,Licences for reprographic copying,www.legislation.gov.uk/ukpga/1988/48/section/130
uk_131,Licences for educational establishments in respect of works included in broadcasts F1. . .,www.legislation.gov.uk/ukpga/1988/48/section/131
uk_132,Licences to reflect conditions imposed by promoters of events,www.legislation.gov.uk/ukpga/1988/48/section/132
uk_133,Licences to reflect payments in respect of underlying rights,www.legislation.gov.uk/ukpga/1988/48/section/133
uk_134,Licences in respect of works included in re-transmissions,www.legislation.gov.uk/ukpga/1988/48/section/134
uk_135,Mention of specific matters not to exclude other relevant considerations,www.legislation.gov.uk/ukpga/1988/48/section/135
uk_135A,Circumstances in which right available,www.legislation.gov.uk/ukpga/1988/48/section/135A
uk_135B,Notice of intention to exercise right,www.legislation.gov.uk/ukpga/1988/48/section/135B
uk_135C,Conditions for exercise of right,www.legislation.gov.uk/ukpga/1988/48/section/135C
uk_135D,Applications to settle payments,www.legislation.gov.uk/ukpga/1988/48/section/135D
uk_135E,"References etc. about conditions, information and other terms",www.legislation.gov.uk/ukpga/1988/48/section/135E
uk_135F,Application for review of order,www.legislation.gov.uk/ukpga/1988/48/section/135F
uk_135G,Factors to be taken into account,www.legislation.gov.uk/ukpga/1988/48/section/135G
uk_135H,Power to amend sections 135A to 135G,www.legislation.gov.uk/ukpga/1988/48/section/135H
uk_136,Implied indemnity in certain schemes and licences for reprographic copying,www.legislation.gov.uk/ukpga/1988/48/section/136
uk_137,Power to extend coverage of scheme or licence. U.K.,www.legislation.gov.uk/ukpga/1988/48/section/137
uk_138,Variation or discharge of order extending scheme or licence. U.K.,www.legislation.gov.uk/ukpga/1988/48/section/138
uk_139,Appeals against orders. U.K.,www.legislation.gov.uk/ukpga/1988/48/section/139
uk_140,Inquiry whether new scheme or general licence required. U.K.,www.legislation.gov.uk/ukpga/1988/48/section/140
uk_141,Statutory licence where recommendation not implemented. U.K.,www.legislation.gov.uk/ukpga/1988/48/section/141
uk_142,[F1 Royalty or other sum payable for lending of certain works.]U.K.,www.legislation.gov.uk/ukpga/1988/48/section/142
uk_143,Certification of licensing schemes,www.legislation.gov.uk/ukpga/1988/48/section/143
uk_144,Powers exercisable in consequence of report of [F1Competition and Markets Authority],www.legislation.gov.uk/ukpga/1988/48/section/144
uk_144A,Collective exercise of certain rights in relation to cable re-transmission,www.legislation.gov.uk/ukpga/1988/48/section/144A
uk_145,The Copyright Tribunal,www.legislation.gov.uk/ukpga/1988/48/section/145
uk_146,Membership of the Tribunal,www.legislation.gov.uk/ukpga/1988/48/section/146
uk_147,Financial provisions,www.legislation.gov.uk/ukpga/1988/48/section/147
uk_148,Constitution for purposes of proceedings,www.legislation.gov.uk/ukpga/1988/48/section/148
uk_149,Jurisdiction of the Tribunal. U.K.,www.legislation.gov.uk/ukpga/1988/48/section/149
uk_150,General power to make rules,www.legislation.gov.uk/ukpga/1988/48/section/150
uk_151,"Costs, proof of orders, &c",www.legislation.gov.uk/ukpga/1988/48/section/151
uk_151A,Award of interest,www.legislation.gov.uk/ukpga/1988/48/section/151A
uk_152,Appeal to the court on point of law,www.legislation.gov.uk/ukpga/1988/48/section/152
uk_153,Qualification for copyright protection,www.legislation.gov.uk/ukpga/1988/48/section/153
uk_154,Qualification by reference to author,www.legislation.gov.uk/ukpga/1988/48/section/154
uk_155,Qualification by reference to country of first publication,www.legislation.gov.uk/ukpga/1988/48/section/155
uk_156,Qualification by reference to place of transmission,www.legislation.gov.uk/ukpga/1988/48/section/156
uk_157,Countries to which this Part extends,www.legislation.gov.uk/ukpga/1988/48/section/157
uk_158,Countries ceasing to be colonies,www.legislation.gov.uk/ukpga/1988/48/section/158
uk_159,Application of this Part to countries to which it does not extendU.K.,www.legislation.gov.uk/ukpga/1988/48/section/159
uk_160,Denial of copyright protection to citizens of countries not giving adequate protection to British works,www.legislation.gov.uk/ukpga/1988/48/section/160
uk_161,Territorial waters and the continental shelf,www.legislation.gov.uk/ukpga/1988/48/section/161
uk_162,"British ships, aircraft and hovercraft",www.legislation.gov.uk/ukpga/1988/48/section/162
uk_163,Crown copyright,www.legislation.gov.uk/ukpga/1988/48/section/163
uk_164,Copyright in Acts and Measures,www.legislation.gov.uk/ukpga/1988/48/section/164
uk_165,Parliamentary copyright,www.legislation.gov.uk/ukpga/1988/48/section/165
uk_166,Copyright in Parliamentary Bills,www.legislation.gov.uk/ukpga/1988/48/section/166
uk_166A,Copyright in Bills of the Scottish Parliament,www.legislation.gov.uk/ukpga/1988/48/section/166A
uk_166B,Copyright in Bills of the Northern Ireland Assembly,www.legislation.gov.uk/ukpga/1988/48/section/166B
uk_166C,Copyright in proposed Measures of the National Assembly for WalesU.K.,www.legislation.gov.uk/ukpga/1988/48/section/166C
uk_166D,Copyright in Bills of the National Assembly for WalesU.K.,www.legislation.gov.uk/ukpga/1988/48/section/166D
uk_167,Houses of Parliament: supplementary provisions with respect to copyright,www.legislation.gov.uk/ukpga/1988/48/section/167
uk_168,Copyright vesting in certain international organisations,www.legislation.gov.uk/ukpga/1988/48/section/168
uk_169,"Folklore, &c.: anonymous unpublished works",www.legislation.gov.uk/ukpga/1988/48/section/169
uk_170,Transitional provisions and savings,www.legislation.gov.uk/ukpga/1988/48/section/170
uk_171,Rights and privileges under other enactments or the common law,www.legislation.gov.uk/ukpga/1988/48/section/171
uk_172,General provisions as to construction,www.legislation.gov.uk/ukpga/1988/48/section/172
uk_172A,Meaning of EEA and related expressions,www.legislation.gov.uk/ukpga/1988/48/section/172A
uk_173,Construction of references to copyright owner,www.legislation.gov.uk/ukpga/1988/48/section/173
uk_174,Meaning of “educational establishment” and related expressions,www.legislation.gov.uk/ukpga/1988/48/section/174
uk_175,Meaning of publication and commercial publication,www.legislation.gov.uk/ukpga/1988/48/section/175
uk_176,Requirement of signature: application in relation to body corporate,www.legislation.gov.uk/ukpga/1988/48/section/176
uk_177,Adaptation of expressions for Scotland,www.legislation.gov.uk/ukpga/1988/48/section/177
uk_178,Minor definitions,www.legislation.gov.uk/ukpga/1988/48/section/178
uk_179,Index of defined expressions,www.legislation.gov.uk/ukpga/1988/48/section/179
uk_180,Rights conferred on performers and persons having recording rights,www.legislation.gov.uk/ukpga/1988/48/section/180
uk_181,Qualifying performances,www.legislation.gov.uk/ukpga/1988/48/section/181
uk_182,"Consent required for recording, &c. of live performance",www.legislation.gov.uk/ukpga/1988/48/section/182
uk_182A,Consent required for copying of recording,www.legislation.gov.uk/ukpga/1988/48/section/182A
uk_182B,Consent required for issue of copies to public,www.legislation.gov.uk/ukpga/1988/48/section/182B
uk_182C,Consent required for rental or lending of copies to public,www.legislation.gov.uk/ukpga/1988/48/section/182C
uk_182CA,Consent required for making available to the publicU.K.,www.legislation.gov.uk/ukpga/1988/48/section/182CA
uk_182D,Right to equitable remuneration for exploitation of sound recording,www.legislation.gov.uk/ukpga/1988/48/section/182D
uk_183,Infringement of performer’s rights by use of recording made without consent,www.legislation.gov.uk/ukpga/1988/48/section/183
uk_184,"Infringement of performer’s rights by importing, possessing or dealing with illicit recording",www.legislation.gov.uk/ukpga/1988/48/section/184
uk_185,Exclusive recording contracts and persons having recording rights,www.legislation.gov.uk/ukpga/1988/48/section/185
uk_186,Consent required for recording of performance subject to exclusive contract,www.legislation.gov.uk/ukpga/1988/48/section/186
uk_187,Infringement of recording rights by use of recording made without consent,www.legislation.gov.uk/ukpga/1988/48/section/187
uk_188,"Infringement of recording rights by importing, possessing or dealing with illicit recording",www.legislation.gov.uk/ukpga/1988/48/section/188
uk_189,Acts permitted notwithstanding rights conferred by [F2this Chapter],www.legislation.gov.uk/ukpga/1988/48/section/189
uk_190,Power of tribunal to give consent on behalf of performer in certain cases,www.legislation.gov.uk/ukpga/1988/48/section/190
uk_191,[F1 Duration of rights.]U.K.,www.legislation.gov.uk/ukpga/1988/48/section/191
uk_191A,Performers’ property rights,www.legislation.gov.uk/ukpga/1988/48/section/191A
uk_191B,Assignment and licences,www.legislation.gov.uk/ukpga/1988/48/section/191B
uk_191C,Prospective ownership of a performer’s property rights,www.legislation.gov.uk/ukpga/1988/48/section/191C
uk_191D,Exclusive licences,www.legislation.gov.uk/ukpga/1988/48/section/191D
uk_191E,Performer’s property right to pass under will with unpublished original recording,www.legislation.gov.uk/ukpga/1988/48/section/191E
uk_191F,Presumption of transfer of rental right in case of film production agreement,www.legislation.gov.uk/ukpga/1988/48/section/191F
uk_191G,Right to equitable remuneration where rental right transferred,www.legislation.gov.uk/ukpga/1988/48/section/191G
uk_191H,Equitable remuneration: reference of amount to Copyright Tribunal,www.legislation.gov.uk/ukpga/1988/48/section/191H
uk_191HA,Assignment of performer’s property rights in a sound recordingU.K.,www.legislation.gov.uk/ukpga/1988/48/section/191HA
uk_191HB,Payment in consideration of assignmentU.K.,www.legislation.gov.uk/ukpga/1988/48/section/191HB
uk_191I,Infringement actionable by rights owner,www.legislation.gov.uk/ukpga/1988/48/section/191I
uk_191J,Provisions as to damages in infringement action,www.legislation.gov.uk/ukpga/1988/48/section/191J
uk_191JA,Injunctions against service providersU.K.,www.legislation.gov.uk/ukpga/1988/48/section/191JA
uk_191K,Undertaking to take licence of right in infringement proceedings,www.legislation.gov.uk/ukpga/1988/48/section/191K
uk_191L,Rights and remedies for exclusive licensee,www.legislation.gov.uk/ukpga/1988/48/section/191L
uk_191M,Exercise of concurrent rights,www.legislation.gov.uk/ukpga/1988/48/section/191M
uk_192A,Performers’ non-property rights,www.legislation.gov.uk/ukpga/1988/48/section/192A
uk_192B,Transmissibility of rights of person having recording rights,www.legislation.gov.uk/ukpga/1988/48/section/192B
uk_193,Consent,www.legislation.gov.uk/ukpga/1988/48/section/193
uk_194,Infringement actionable as breach of statutory duty,www.legislation.gov.uk/ukpga/1988/48/section/194
uk_195,Order for delivery up,www.legislation.gov.uk/ukpga/1988/48/section/195
uk_196,Right to seize illicit recordings,www.legislation.gov.uk/ukpga/1988/48/section/196
uk_197,Meaning of “illicit recording”,www.legislation.gov.uk/ukpga/1988/48/section/197
uk_197A,Presumptions relevant to recordings of performancesU.K.,www.legislation.gov.uk/ukpga/1988/48/section/197A
uk_198,"Criminal liability for making, dealing with or using illicit recordings",www.legislation.gov.uk/ukpga/1988/48/section/198
uk_198A,Enforcement by local weights and measures authority,www.legislation.gov.uk/ukpga/1988/48/section/198A
uk_199,Order for delivery up in criminal proceedings,www.legislation.gov.uk/ukpga/1988/48/section/199
uk_200,Search warrants,www.legislation.gov.uk/ukpga/1988/48/section/200
uk_201,False representation of authority to give consent,www.legislation.gov.uk/ukpga/1988/48/section/201
uk_202,Offence by body corporate: liability of officers,www.legislation.gov.uk/ukpga/1988/48/section/202
uk_203,Period after which remedy of delivery up not available,www.legislation.gov.uk/ukpga/1988/48/section/203
uk_204,Order as to disposal of illicit recording,www.legislation.gov.uk/ukpga/1988/48/section/204
uk_204A,Forfeiture of illicit recordings: England and Wales or Northern IrelandU.K.,www.legislation.gov.uk/ukpga/1988/48/section/204A
uk_204B,Forfeiture: ScotlandU.K.,www.legislation.gov.uk/ukpga/1988/48/section/204B
uk_205,Jurisdiction of county court and sheriff court,www.legislation.gov.uk/ukpga/1988/48/section/205
uk_205A,Licensing of performers’ F1... rights,www.legislation.gov.uk/ukpga/1988/48/section/205A
uk_205B,Jurisdiction of Copyright Tribunal,www.legislation.gov.uk/ukpga/1988/48/section/205B
uk_205C,Right to be identified as performerU.K.,www.legislation.gov.uk/ukpga/1988/48/section/205C
uk_205D,Requirement that right be assertedU.K.,www.legislation.gov.uk/ukpga/1988/48/section/205D
uk_205E,Exceptions to rightU.K.,www.legislation.gov.uk/ukpga/1988/48/section/205E
uk_205F,Right to object to derogatory treatment of performanceU.K.,www.legislation.gov.uk/ukpga/1988/48/section/205F
uk_205G,Exceptions to rightU.K.,www.legislation.gov.uk/ukpga/1988/48/section/205G
uk_205H,Infringement of right by possessing or dealing with infringing articleU.K.,www.legislation.gov.uk/ukpga/1988/48/section/205H
uk_205I,Duration of rightsU.K.,www.legislation.gov.uk/ukpga/1988/48/section/205I
uk_205J,Consent and waiver of rightsU.K.,www.legislation.gov.uk/ukpga/1988/48/section/205J
uk_205K,Application of provisions to parts of performancesU.K.,www.legislation.gov.uk/ukpga/1988/48/section/205K
uk_205L,Moral rights not assignableU.K.,www.legislation.gov.uk/ukpga/1988/48/section/205L
uk_205M,Transmission of moral rights on deathU.K.,www.legislation.gov.uk/ukpga/1988/48/section/205M
uk_205N,Remedies for infringement of moral rightsU.K.,www.legislation.gov.uk/ukpga/1988/48/section/205N
uk_206,"Qualifying countries, individuals and persons",www.legislation.gov.uk/ukpga/1988/48/section/206
uk_207,Countries to which this Part extends,www.legislation.gov.uk/ukpga/1988/48/section/207
uk_208,Countries enjoying reciprocal protection,www.legislation.gov.uk/ukpga/1988/48/section/208
uk_209,Territorial waters and the continental shelf,www.legislation.gov.uk/ukpga/1988/48/section/209
uk_210,"British ships, aircraft and hovercraft",www.legislation.gov.uk/ukpga/1988/48/section/210
uk_211,Expressions having same meaning as in copyright provisions,www.legislation.gov.uk/ukpga/1988/48/section/211
uk_212,Index of defined expressions,www.legislation.gov.uk/ukpga/1988/48/section/212
uk_212A,Power to amend in consequence of changes to international lawU.K.,www.legislation.gov.uk/ukpga/1988/48/section/212A
uk_213,Design right,www.legislation.gov.uk/ukpga/1988/48/section/213
uk_214,The designer,www.legislation.gov.uk/ukpga/1988/48/section/214
uk_215,Ownership of design right,www.legislation.gov.uk/ukpga/1988/48/section/215
uk_216,Duration of design right,www.legislation.gov.uk/ukpga/1988/48/section/216
uk_217,Qualifying individuals and qualifying persons,www.legislation.gov.uk/ukpga/1988/48/section/217
uk_218,Qualification by reference to designer,www.legislation.gov.uk/ukpga/1988/48/section/218
uk_219,[F1Qualification by reference to employer],www.legislation.gov.uk/ukpga/1988/48/section/219
uk_220,Qualification by reference to first marketing,www.legislation.gov.uk/ukpga/1988/48/section/220
uk_221,Power to make further provision as to qualification,www.legislation.gov.uk/ukpga/1988/48/section/221
uk_222,Assignment and licences,www.legislation.gov.uk/ukpga/1988/48/section/222
uk_223,Prospective ownership of design right,www.legislation.gov.uk/ukpga/1988/48/section/223
uk_224,Assignment of right in registered design presumed to carry with it design right,www.legislation.gov.uk/ukpga/1988/48/section/224
uk_225,Exclusive licences,www.legislation.gov.uk/ukpga/1988/48/section/225
uk_226,Primary infringement of design right,www.legislation.gov.uk/ukpga/1988/48/section/226
uk_227,Secondary infringement: importing or dealing with infringing article,www.legislation.gov.uk/ukpga/1988/48/section/227
uk_228,Meaning of “infringing article”,www.legislation.gov.uk/ukpga/1988/48/section/228
uk_229,Rights and remedies of design right owner,www.legislation.gov.uk/ukpga/1988/48/section/229
uk_230,Order for delivery up,www.legislation.gov.uk/ukpga/1988/48/section/230
uk_231,"Order as to disposal of infringing articles, &c",www.legislation.gov.uk/ukpga/1988/48/section/231
uk_232,Jurisdiction of county court and sheriff court,www.legislation.gov.uk/ukpga/1988/48/section/232
uk_233,Innocent infringement,www.legislation.gov.uk/ukpga/1988/48/section/233
uk_234,Rights and remedies of exclusive licensee,www.legislation.gov.uk/ukpga/1988/48/section/234
uk_235,Exercise of concurrent rights,www.legislation.gov.uk/ukpga/1988/48/section/235
uk_236,Infringement of copyright,www.legislation.gov.uk/ukpga/1988/48/section/236
uk_237,Licences available in last five years of design right,www.legislation.gov.uk/ukpga/1988/48/section/237
uk_238,Powers exercisable for protection of the public interest,www.legislation.gov.uk/ukpga/1988/48/section/238
uk_239,Undertaking to take licence of right in infringement proceedings,www.legislation.gov.uk/ukpga/1988/48/section/239
uk_240,Crown use of designs,www.legislation.gov.uk/ukpga/1988/48/section/240
uk_241,Settlement of terms for Crown use,www.legislation.gov.uk/ukpga/1988/48/section/241
uk_242,Rights of third parties in case of Crown use,www.legislation.gov.uk/ukpga/1988/48/section/242
uk_243,Crown use: compensation for loss of profit,www.legislation.gov.uk/ukpga/1988/48/section/243
uk_244,Special provision for Crown use during emergency,www.legislation.gov.uk/ukpga/1988/48/section/244
uk_244A,"Exception for private acts, experiments and teachingU.K.",www.legislation.gov.uk/ukpga/1988/48/section/244A
uk_244B,Exception for overseas ships and aircraftU.K.,www.legislation.gov.uk/ukpga/1988/48/section/244B
uk_245,Power to provide for further exceptions,www.legislation.gov.uk/ukpga/1988/48/section/245
uk_246,Jurisdiction to decide matters relating to design right,www.legislation.gov.uk/ukpga/1988/48/section/246
uk_247,Application to settle terms of licence of right,www.legislation.gov.uk/ukpga/1988/48/section/247
uk_248,Settlement of terms where design right owner unknown,www.legislation.gov.uk/ukpga/1988/48/section/248
uk_249,Appeals as to terms of licence of right,www.legislation.gov.uk/ukpga/1988/48/section/249
uk_249A,Opinions serviceU.K.,www.legislation.gov.uk/ukpga/1988/48/section/249A
uk_250,Rules,www.legislation.gov.uk/ukpga/1988/48/section/250
uk_251,References and appeals on design right matters,www.legislation.gov.uk/ukpga/1988/48/section/251
uk_252,Reference of disputes relating to Crown use,www.legislation.gov.uk/ukpga/1988/48/section/252
uk_253,Threats of infringement proceedingsU.K.,www.legislation.gov.uk/ukpga/1988/48/section/253
uk_253A,Actionable threatsU.K.,www.legislation.gov.uk/ukpga/1988/48/section/253A
uk_253B,Permitted communicationsU.K.,www.legislation.gov.uk/ukpga/1988/48/section/253B
uk_253C,Remedies and defencesU.K.,www.legislation.gov.uk/ukpga/1988/48/section/253C
uk_253D,Professional advisersU.K.,www.legislation.gov.uk/ukpga/1988/48/section/253D
uk_253E,Supplementary: proceedings for delivery up etc,www.legislation.gov.uk/ukpga/1988/48/section/253E
uk_254,Licensee under licence of right not to claim connection with design right owner,www.legislation.gov.uk/ukpga/1988/48/section/254
uk_255,Countries to which this Part extends,www.legislation.gov.uk/ukpga/1988/48/section/255
uk_256,Countries enjoying reciprocal protection,www.legislation.gov.uk/ukpga/1988/48/section/256
uk_257,Territorial waters and the continental shelf,www.legislation.gov.uk/ukpga/1988/48/section/257
uk_258,Construction of references to design right owner,www.legislation.gov.uk/ukpga/1988/48/section/258
uk_259,Joint designs,www.legislation.gov.uk/ukpga/1988/48/section/259
uk_260,Application of provisions to articles in kit form,www.legislation.gov.uk/ukpga/1988/48/section/260
uk_261,Requirement of signature: application in relation to body corporate,www.legislation.gov.uk/ukpga/1988/48/section/261
uk_262,Adaptation of expressions in relation to Scotland,www.legislation.gov.uk/ukpga/1988/48/section/262
uk_263,Minor definitions,www.legislation.gov.uk/ukpga/1988/48/section/263
uk_264,Index of defined expressions,www.legislation.gov.uk/ukpga/1988/48/section/264
uk_266,Provisions with respect to certain designs registered in pursuance of application made before commencement,www.legislation.gov.uk/ukpga/1988/48/section/266
uk_267,Authorship and first ownership of designs,www.legislation.gov.uk/ukpga/1988/48/section/267
uk_269,Duration of right in registered design,www.legislation.gov.uk/ukpga/1988/48/section/269
uk_270,Powers exercisable for protection of the public interest,www.legislation.gov.uk/ukpga/1988/48/section/270
uk_271,Crown use: compensation for loss of profit,www.legislation.gov.uk/ukpga/1988/48/section/271
uk_272,Minor and consequential amendments,www.legislation.gov.uk/ukpga/1988/48/section/272
uk_273,Text of Registered Designs Act 1949 as amended,www.legislation.gov.uk/ukpga/1988/48/section/273
uk_274,Persons permitted to carry on business of a patent agent,www.legislation.gov.uk/ukpga/1988/48/section/274
uk_275,The register of patent attorneysU.K.,www.legislation.gov.uk/ukpga/1988/48/section/275
uk_275A,Regulation of patent attorneysU.K.,www.legislation.gov.uk/ukpga/1988/48/section/275A
uk_276,Persons entitled to describe themselves as patent agents,www.legislation.gov.uk/ukpga/1988/48/section/276
uk_277,"Persons entitled to describe themselves as European patent attorneys, &c",www.legislation.gov.uk/ukpga/1988/48/section/277
uk_278,Use of the term “patent attorney”: supplementary provisions,www.legislation.gov.uk/ukpga/1988/48/section/278
uk_279,"Power to prescribe conditions, &c. for mixed partnerships and bodies corporate",www.legislation.gov.uk/ukpga/1988/48/section/279
uk_280,Privilege for communications with patent agents,www.legislation.gov.uk/ukpga/1988/48/section/280
uk_281,Power of comptroller to refuse to deal with certain agents,www.legislation.gov.uk/ukpga/1988/48/section/281
uk_285,Offences committed by partnerships and bodies corporate,www.legislation.gov.uk/ukpga/1988/48/section/285
uk_286,Interpretation,www.legislation.gov.uk/ukpga/1988/48/section/286
uk_287,Patents county courts: special jurisdiction.E+W,www.legislation.gov.uk/ukpga/1988/48/section/287
uk_288,Financial limits in relation to proceedings within special jurisdiction of patents county court,www.legislation.gov.uk/ukpga/1988/48/section/288
uk_289,Transfer of proceedings between High Court and patents county court.E+W,www.legislation.gov.uk/ukpga/1988/48/section/289
uk_290,Limitation of costs where pecuniary claim could have been brought in patents county court.E+W,www.legislation.gov.uk/ukpga/1988/48/section/290
uk_291,Proceedings in patents county court.E+W,www.legislation.gov.uk/ukpga/1988/48/section/291
uk_292,Rights and duties of registered patent agents in relation to proceedings in patents county court.E+W,www.legislation.gov.uk/ukpga/1988/48/section/292
uk_293,Restriction of acts authorised by certain licences,www.legislation.gov.uk/ukpga/1988/48/section/293
uk_294,When application may be made for settlement of terms of licence,www.legislation.gov.uk/ukpga/1988/48/section/294
uk_295,Patents: miscellaneous amendments,www.legislation.gov.uk/ukpga/1988/48/section/295
uk_296,Devices designed to circumvent copy-protection,www.legislation.gov.uk/ukpga/1988/48/section/296
uk_296ZA,Circumvention of technological measuresU.K.,www.legislation.gov.uk/ukpga/1988/48/section/296ZA
uk_296ZB,Devices and services designed to circumvent technological measuresU.K.,www.legislation.gov.uk/ukpga/1988/48/section/296ZB
uk_296ZC,Devices and services designed to circumvent technological measures: search warrants and forfeitureU.K.,www.legislation.gov.uk/ukpga/1988/48/section/296ZC
uk_296ZD,Rights and remedies in respect of devices and services designed to circumvent technological measuresU.K.,www.legislation.gov.uk/ukpga/1988/48/section/296ZD
uk_296ZE,Remedy where effective technological measures prevent permitted actsU.K.,www.legislation.gov.uk/ukpga/1988/48/section/296ZE
uk_296ZEA,Remedy where restrictive measures prevent or restrict personal copyingU.K.,www.legislation.gov.uk/ukpga/1988/48/section/296ZEA
uk_296ZF,Interpretation of sections 296ZA to [F2296ZEA]U.K.,www.legislation.gov.uk/ukpga/1988/48/section/296ZF
uk_296ZG,Electronic rights management informationU.K.,www.legislation.gov.uk/ukpga/1988/48/section/296ZG
uk_296A,Avoidance of certain terms,www.legislation.gov.uk/ukpga/1988/48/section/296A
uk_296B,[F1 Avoidance of certain terms relating to databases]U.K.,www.legislation.gov.uk/ukpga/1988/48/section/296B
uk_297,Offence of fraudulently receiving programmes,www.legislation.gov.uk/ukpga/1988/48/section/297
uk_297A,Unauthorised decoders,www.legislation.gov.uk/ukpga/1988/48/section/297A
uk_297B,Search warrantsU.K.,www.legislation.gov.uk/ukpga/1988/48/section/297B
uk_297C,Forfeiture of unauthorised decoders: England and Wales or Northern IrelandU.K.,www.legislation.gov.uk/ukpga/1988/48/section/297C
uk_297D,Forfeiture of unauthorised decoders: ScotlandU.K.,www.legislation.gov.uk/ukpga/1988/48/section/297D
uk_298,"Rights and remedies in respect of apparatus, &c. for unauthorised reception of transmissions",www.legislation.gov.uk/ukpga/1988/48/section/298
uk_299,Supplementary provisions as to fraudulent reception,www.legislation.gov.uk/ukpga/1988/48/section/299
uk_301,Provisions for the benefit of [F1Great Ormond Street Hospital for Children],www.legislation.gov.uk/ukpga/1988/48/section/301
uk_302,Financial assistance for certain international bodies,www.legislation.gov.uk/ukpga/1988/48/section/302
uk_303,Consequential amendments and repeals,www.legislation.gov.uk/ukpga/1988/48/section/303
uk_304,Extent,www.legislation.gov.uk/ukpga/1988/48/section/304
uk_305,Commencement,www.legislation.gov.uk/ukpga/1988/48/section/305
uk_306,Short title,www.legislation.gov.uk/ukpga/1988/48/section/306
